VAR,Variable,Gender,COU,Country,Year,Value
PRHSMBAH,Bad/very bad health,male,FRA,France,2010,7.8
PRHSMBAH,Bad/very bad health,male,FRA,France,2011,7.7
PRHSMBAH,Bad/very bad health,male,FRA,France,2012,7.5
PRHSMBAH,Bad/very bad health,male,FRA,France,2013,7.7
PRHSMBAH,Bad/very bad health,male,FRA,France,2014,7.5
PRHSMBAH,Bad/very bad health,male,FRA,France,2015,7.1
PRHSMBAH,Bad/very bad health,male,SWE,Sweden,2010,3.6
PRHSMBAH,Bad/very bad health,male,SWE,Sweden,2011,3.8
PRHSMBAH,Bad/very bad health,male,SWE,Sweden,2012,3.8
PRHSMBAH,Bad/very bad health,male,SWE,Sweden,2013,3.3
PRHSMBAH,Bad/very bad health,male,SWE,Sweden,2014,3.2
PRHSMBAH,Bad/very bad health,male,SWE,Sweden,2015,2.7
PRHSFFAH,Fair (not good, not bad) health,female,GBR,United Kingdom,2010,15.6
PRHSFFAH,Fair (not good, not bad) health,female,GBR,United Kingdom,2011,17.6
PRHSFFAH,Fair (not good, not bad) health,female,GBR,United Kingdom,2012,18.1
PRHSFFAH,Fair (not good, not bad) health,female,GBR,United Kingdom,2013,18
PRHSFFAH,Fair (not good, not bad) health,female,GBR,United Kingdom,2014,21.6
PRHSFFAH,Fair (not good, not bad) health,female,GBR,United Kingdom,2015,21.5
PRHSTBAH,Bad/very bad health,total,SWE,Sweden,2010,4.7
PRHSTBAH,Bad/very bad health,total,SWE,Sweden,2011,4.6
PRHSTBAH,Bad/very bad health,total,SWE,Sweden,2012,4.3
PRHSTBAH,Bad/very bad health,total,SWE,Sweden,2013,4.1
PRHSTBAH,Bad/very bad health,total,SWE,Sweden,2014,4
PRHSTBAH,Bad/very bad health,total,SWE,Sweden,2015,3.8
PRHSFBAH,Bad/very bad health,female,SWE,Sweden,2010,5.7
PRHSFBAH,Bad/very bad health,female,SWE,Sweden,2011,5.4
PRHSFBAH,Bad/very bad health,female,SWE,Sweden,2012,4.7
PRHSFBAH,Bad/very bad health,female,SWE,Sweden,2013,4.8
PRHSFBAH,Bad/very bad health,female,SWE,Sweden,2014,4.8
PRHSFBAH,Bad/very bad health,female,SWE,Sweden,2015,5
PRHSTBAH,Bad/very bad health,total,FRA,France,2010,8.9
PRHSTBAH,Bad/very bad health,total,FRA,France,2011,8.8
PRHSTBAH,Bad/very bad health,total,FRA,France,2012,8.5
PRHSTBAH,Bad/very bad health,total,FRA,France,2013,8.5
PRHSTBAH,Bad/very bad health,total,FRA,France,2014,8.4
PRHSTBAH,Bad/very bad health,total,FRA,France,2015,7.8
PRHSTBAH,Bad/very bad health,total,ISL,Iceland,2010,5.2
PRHSTBAH,Bad/very bad health,total,ISL,Iceland,2011,6.4
PRHSTBAH,Bad/very bad health,total,ISL,Iceland,2012,5
PRHSTBAH,Bad/very bad health,total,ISL,Iceland,2013,5.8
PRHSTBAH,Bad/very bad health,total,ISL,Iceland,2014,6.3
PRHSTBAH,Bad/very bad health,total,ISL,Iceland,2015,5.7
PRHSMBAH,Bad/very bad health,male,CHE,Switzerland,2010,3.1
PRHSMBAH,Bad/very bad health,male,CHE,Switzerland,2011,3.2
PRHSMBAH,Bad/very bad health,male,CHE,Switzerland,2012,2.8
PRHSMBAH,Bad/very bad health,male,CHE,Switzerland,2013,3.3
PRHSMBAH,Bad/very bad health,male,CHE,Switzerland,2014,3
PRHSTBAH,Bad/very bad health,total,CHE,Switzerland,2010,3.5
PRHSTBAH,Bad/very bad health,total,CHE,Switzerland,2011,3.6
PRHSTBAH,Bad/very bad health,total,CHE,Switzerland,2012,3.1
PRHSTBAH,Bad/very bad health,total,CHE,Switzerland,2013,3.7
PRHSTBAH,Bad/very bad health,total,CHE,Switzerland,2014,3.8
PRHSFFAH,Fair (not good, not bad) health,female,TUR,Turkey,2010,22.7
PRHSFFAH,Fair (not good, not bad) health,female,TUR,Turkey,2011,22.2
PRHSFFAH,Fair (not good, not bad) health,female,TUR,Turkey,2012,21.7
PRHSFFAH,Fair (not good, not bad) health,female,TUR,Turkey,2013,22.9
PRHSFFAH,Fair (not good, not bad) health,female,TUR,Turkey,2014,22.5
PRHSFFAH,Fair (not good, not bad) health,female,TUR,Turkey,2015,23.9
PRHSMFAH,Fair (not good, not bad) health,male,GBR,United Kingdom,2010,13.9
PRHSMFAH,Fair (not good, not bad) health,male,GBR,United Kingdom,2011,16
PRHSMFAH,Fair (not good, not bad) health,male,GBR,United Kingdom,2012,16
PRHSMFAH,Fair (not good, not bad) health,male,GBR,United Kingdom,2013,17.8
PRHSMFAH,Fair (not good, not bad) health,male,GBR,United Kingdom,2014,20.3
PRHSMFAH,Fair (not good, not bad) health,male,GBR,United Kingdom,2015,21.7
PRHSFFAH,Fair (not good, not bad) health,female,HUN,Hungary,2010,29.9
PRHSFFAH,Fair (not good, not bad) health,female,HUN,Hungary,2011,29
PRHSFFAH,Fair (not good, not bad) health,female,HUN,Hungary,2012,28
PRHSFFAH,Fair (not good, not bad) health,female,HUN,Hungary,2013,29
PRHSFFAH,Fair (not good, not bad) health,female,HUN,Hungary,2014,27.6
PRHSFFAH,Fair (not good, not bad) health,female,HUN,Hungary,2015,29
PRHSMGHE,Good/very good health,male,AUT,Austria,2010,72.1
PRHSMGHE,Good/very good health,male,AUT,Austria,2011,71.3
PRHSMGHE,Good/very good health,male,AUT,Austria,2012,71.7
PRHSMGHE,Good/very good health,male,AUT,Austria,2013,70.5
PRHSMGHE,Good/very good health,male,AUT,Austria,2014,71.9
PRHSMGHE,Good/very good health,male,AUT,Austria,2015,71.8
PRHSTGHE,Good/very good health,total,NOR,Norway,2010,76.7
PRHSTGHE,Good/very good health,total,NOR,Norway,2011,73.2
PRHSTGHE,Good/very good health,total,NOR,Norway,2012,78.7
PRHSTGHE,Good/very good health,total,NOR,Norway,2013,76
PRHSTGHE,Good/very good health,total,NOR,Norway,2014,78.5
PRHSTGHE,Good/very good health,total,NOR,Norway,2015,78.3
PRHSFGHE,Good/very good health,female,LUX,Luxembourg,2010,73.9
PRHSFGHE,Good/very good health,female,LUX,Luxembourg,2011,70.1
PRHSFGHE,Good/very good health,female,LUX,Luxembourg,2012,72.4
PRHSFGHE,Good/very good health,female,LUX,Luxembourg,2013,69.8
PRHSFGHE,Good/very good health,female,LUX,Luxembourg,2014,71
PRHSFGHE,Good/very good health,female,LUX,Luxembourg,2015,68.5
PRHSTGHE,Good/very good health,total,AUT,Austria,2010,69.6
PRHSTGHE,Good/very good health,total,AUT,Austria,2011,69.4
PRHSTGHE,Good/very good health,total,AUT,Austria,2012,70
PRHSTGHE,Good/very good health,total,AUT,Austria,2013,68.6
PRHSTGHE,Good/very good health,total,AUT,Austria,2014,69.5
PRHSTGHE,Good/very good health,total,AUT,Austria,2015,69.8
PRHSFBAH,Bad/very bad health,female,DEU,Germany,2010,8.3
PRHSFBAH,Bad/very bad health,female,DEU,Germany,2011,8.2
PRHSFBAH,Bad/very bad health,female,DEU,Germany,2012,9.2
PRHSFBAH,Bad/very bad health,female,DEU,Germany,2013,8.8
PRHSFBAH,Bad/very bad health,female,DEU,Germany,2014,8.2
PRHSFBAH,Bad/very bad health,female,DEU,Germany,2015,8.2
PRHSFGHE,Good/very good health,female,AUT,Austria,2010,67.2
PRHSFGHE,Good/very good health,female,AUT,Austria,2011,67.6
PRHSFGHE,Good/very good health,female,AUT,Austria,2012,68.4
PRHSFGHE,Good/very good health,female,AUT,Austria,2013,66.7
PRHSFGHE,Good/very good health,female,AUT,Austria,2014,67.2
PRHSFGHE,Good/very good health,female,AUT,Austria,2015,67.9
PRHSMGHE,Good/very good health,male,NOR,Norway,2010,79.1
PRHSMGHE,Good/very good health,male,NOR,Norway,2011,75.5
PRHSMGHE,Good/very good health,male,NOR,Norway,2012,79.8
PRHSMGHE,Good/very good health,male,NOR,Norway,2013,77.2
PRHSMGHE,Good/very good health,male,NOR,Norway,2014,79.9
PRHSMGHE,Good/very good health,male,NOR,Norway,2015,80.2
PRHSFBAH,Bad/very bad health,female,SVN,Slovenia,2010,15
PRHSFBAH,Bad/very bad health,female,SVN,Slovenia,2011,14.7
PRHSFBAH,Bad/very bad health,female,SVN,Slovenia,2012,13.9
PRHSFBAH,Bad/very bad health,female,SVN,Slovenia,2013,11.6
PRHSFBAH,Bad/very bad health,female,SVN,Slovenia,2014,12.4
PRHSFBAH,Bad/very bad health,female,SVN,Slovenia,2015,13.3
PRHSFFAH,Fair (not good, not bad) health,female,ITA,Italy,2010,25.5
PRHSFFAH,Fair (not good, not bad) health,female,ITA,Italy,2011,23.1
PRHSFFAH,Fair (not good, not bad) health,female,ITA,Italy,2012,20.8
PRHSFFAH,Fair (not good, not bad) health,female,ITA,Italy,2013,23.2
PRHSFFAH,Fair (not good, not bad) health,female,ITA,Italy,2014,21.8
PRHSFFAH,Fair (not good, not bad) health,female,ITA,Italy,2015,23.3
PRHSTFAH,Fair (not good, not bad) health,total,ITA,Italy,2010,23.8
PRHSTFAH,Fair (not good, not bad) health,total,ITA,Italy,2011,22.2
PRHSTFAH,Fair (not good, not bad) health,total,ITA,Italy,2012,19.2
PRHSTFAH,Fair (not good, not bad) health,total,ITA,Italy,2013,21.3
PRHSTFAH,Fair (not good, not bad) health,total,ITA,Italy,2014,20
PRHSTFAH,Fair (not good, not bad) health,total,ITA,Italy,2015,22
PRHSFBAH,Bad/very bad health,female,PRT,Portugal,2010,23.9
PRHSFBAH,Bad/very bad health,female,PRT,Portugal,2011,21.1
PRHSFBAH,Bad/very bad health,female,PRT,Portugal,2012,21.5
PRHSFBAH,Bad/very bad health,female,PRT,Portugal,2013,22.3
PRHSFBAH,Bad/very bad health,female,PRT,Portugal,2014,21.7
PRHSFBAH,Bad/very bad health,female,PRT,Portugal,2015,21
PRHSMBAH,Bad/very bad health,male,DEU,Germany,2010,8
PRHSMBAH,Bad/very bad health,male,DEU,Germany,2011,8.1
PRHSMBAH,Bad/very bad health,male,DEU,Germany,2012,7.9
PRHSMBAH,Bad/very bad health,male,DEU,Germany,2013,7.4
PRHSMBAH,Bad/very bad health,male,DEU,Germany,2014,7.8
PRHSMBAH,Bad/very bad health,male,DEU,Germany,2015,8.4
PRHSMGHE,Good/very good health,male,BEL,Belgium,2010,75.4
PRHSMGHE,Good/very good health,male,BEL,Belgium,2011,75.5
PRHSMGHE,Good/very good health,male,BEL,Belgium,2012,76.9
PRHSMGHE,Good/very good health,male,BEL,Belgium,2013,77
PRHSMGHE,Good/very good health,male,BEL,Belgium,2014,77.3
PRHSMGHE,Good/very good health,male,BEL,Belgium,2015,77.9
PRHSFBAH,Bad/very bad health,female,FRA,France,2010,10
PRHSFBAH,Bad/very bad health,female,FRA,France,2011,9.8
PRHSFBAH,Bad/very bad health,female,FRA,France,2012,9.4
PRHSFBAH,Bad/very bad health,female,FRA,France,2013,9.2
PRHSFBAH,Bad/very bad health,female,FRA,France,2014,9.2
PRHSFBAH,Bad/very bad health,female,FRA,France,2015,8.4
PRHSMFAH,Fair (not good, not bad) health,male,ITA,Italy,2010,21.9
PRHSMFAH,Fair (not good, not bad) health,male,ITA,Italy,2011,21.2
PRHSMFAH,Fair (not good, not bad) health,male,ITA,Italy,2012,17.4
PRHSMFAH,Fair (not good, not bad) health,male,ITA,Italy,2013,19.2
PRHSMFAH,Fair (not good, not bad) health,male,ITA,Italy,2014,18.1
PRHSMFAH,Fair (not good, not bad) health,male,ITA,Italy,2015,20.6
PRHSTBAH,Bad/very bad health,total,DEU,Germany,2010,8.1
PRHSTBAH,Bad/very bad health,total,DEU,Germany,2011,8.2
PRHSTBAH,Bad/very bad health,total,DEU,Germany,2012,8.6
PRHSTBAH,Bad/very bad health,total,DEU,Germany,2013,8.1
PRHSTBAH,Bad/very bad health,total,DEU,Germany,2014,8
PRHSTBAH,Bad/very bad health,total,DEU,Germany,2015,8.3
PRHSTGHE,Good/very good health,total,BEL,Belgium,2010,73
PRHSTGHE,Good/very good health,total,BEL,Belgium,2011,73.5
PRHSTGHE,Good/very good health,total,BEL,Belgium,2012,74.5
PRHSTGHE,Good/very good health,total,BEL,Belgium,2013,74.3
PRHSTGHE,Good/very good health,total,BEL,Belgium,2014,75
PRHSTGHE,Good/very good health,total,BEL,Belgium,2015,74.6
PRHSFGHE,Good/very good health,female,BEL,Belgium,2010,70.8
PRHSFGHE,Good/very good health,female,BEL,Belgium,2011,71.6
PRHSFGHE,Good/very good health,female,BEL,Belgium,2012,72.2
PRHSFGHE,Good/very good health,female,BEL,Belgium,2013,71.8
PRHSFGHE,Good/very good health,female,BEL,Belgium,2014,72.9
PRHSFGHE,Good/very good health,female,BEL,Belgium,2015,71.5
PRHSTFAH,Fair (not good, not bad) health,total,DNK,Denmark,2010,21.1
PRHSTFAH,Fair (not good, not bad) health,total,DNK,Denmark,2011,20.9
PRHSTFAH,Fair (not good, not bad) health,total,DNK,Denmark,2012,21.6
PRHSTFAH,Fair (not good, not bad) health,total,DNK,Denmark,2013,20.9
PRHSTFAH,Fair (not good, not bad) health,total,DNK,Denmark,2014,20.2
PRHSTFAH,Fair (not good, not bad) health,total,DNK,Denmark,2015,20.8
PRHSFFAH,Fair (not good, not bad) health,female,DNK,Denmark,2010,21.8
PRHSFFAH,Fair (not good, not bad) health,female,DNK,Denmark,2011,21.6
PRHSFFAH,Fair (not good, not bad) health,female,DNK,Denmark,2012,21.6
PRHSFFAH,Fair (not good, not bad) health,female,DNK,Denmark,2013,22
PRHSFFAH,Fair (not good, not bad) health,female,DNK,Denmark,2014,21.3
PRHSFFAH,Fair (not good, not bad) health,female,DNK,Denmark,2015,21.1
PRHSFGHE,Good/very good health,female,TUR,Turkey,2010,60.8
PRHSFGHE,Good/very good health,female,TUR,Turkey,2011,62.3
PRHSFGHE,Good/very good health,female,TUR,Turkey,2012,63.8
PRHSFGHE,Good/very good health,female,TUR,Turkey,2013,63.2
PRHSFGHE,Good/very good health,female,TUR,Turkey,2014,63.7
PRHSFGHE,Good/very good health,female,TUR,Turkey,2015,61.9
PRHSMGHE,Good/very good health,male,TUR,Turkey,2010,71.4
PRHSMGHE,Good/very good health,male,TUR,Turkey,2011,72.3
PRHSMGHE,Good/very good health,male,TUR,Turkey,2012,73.5
PRHSMGHE,Good/very good health,male,TUR,Turkey,2013,72.5
PRHSMGHE,Good/very good health,male,TUR,Turkey,2014,72.6
PRHSMGHE,Good/very good health,male,TUR,Turkey,2015,71
PRHSMGHE,Good/very good health,male,DEU,Germany,2010,66.4
PRHSMGHE,Good/very good health,male,DEU,Germany,2011,66.4
PRHSMGHE,Good/very good health,male,DEU,Germany,2012,67
PRHSMGHE,Good/very good health,male,DEU,Germany,2013,67
PRHSMGHE,Good/very good health,male,DEU,Germany,2014,66.9
PRHSMGHE,Good/very good health,male,DEU,Germany,2015,66
PRHSFBAH,Bad/very bad health,female,ITA,Italy,2010,11.2
PRHSFBAH,Bad/very bad health,female,ITA,Italy,2011,15.3
PRHSFBAH,Bad/very bad health,female,ITA,Italy,2012,14.2
PRHSFBAH,Bad/very bad health,female,ITA,Italy,2013,14.4
PRHSFBAH,Bad/very bad health,female,ITA,Italy,2014,13.7
PRHSFBAH,Bad/very bad health,female,ITA,Italy,2015,14.2
PRHSFGHE,Good/very good health,female,DEU,Germany,2010,64.1
PRHSFGHE,Good/very good health,female,DEU,Germany,2011,63.3
PRHSFGHE,Good/very good health,female,DEU,Germany,2012,63.8
PRHSFGHE,Good/very good health,female,DEU,Germany,2013,62.9
PRHSFGHE,Good/very good health,female,DEU,Germany,2014,63.5
PRHSFGHE,Good/very good health,female,DEU,Germany,2015,63.1
PRHSMFAH,Fair (not good, not bad) health,male,DNK,Denmark,2010,20.4
PRHSMFAH,Fair (not good, not bad) health,male,DNK,Denmark,2011,20.3
PRHSMFAH,Fair (not good, not bad) health,male,DNK,Denmark,2012,21.6
PRHSMFAH,Fair (not good, not bad) health,male,DNK,Denmark,2013,19.7
PRHSMFAH,Fair (not good, not bad) health,male,DNK,Denmark,2014,19.1
PRHSMFAH,Fair (not good, not bad) health,male,DNK,Denmark,2015,20.6
PRHSTBAH,Bad/very bad health,total,BEL,Belgium,2010,9.1
PRHSTBAH,Bad/very bad health,total,BEL,Belgium,2011,9.6
PRHSTBAH,Bad/very bad health,total,BEL,Belgium,2012,8.8
PRHSTBAH,Bad/very bad health,total,BEL,Belgium,2013,8.6
PRHSTBAH,Bad/very bad health,total,BEL,Belgium,2014,9.2
PRHSTBAH,Bad/very bad health,total,BEL,Belgium,2015,9.4
PRHSTGHE,Good/very good health,total,TUR,Turkey,2010,66
PRHSTGHE,Good/very good health,total,TUR,Turkey,2011,67.2
PRHSTGHE,Good/very good health,total,TUR,Turkey,2012,68.6
PRHSTGHE,Good/very good health,total,TUR,Turkey,2013,67.8
PRHSTGHE,Good/very good health,total,TUR,Turkey,2014,68.1
PRHSTGHE,Good/very good health,total,TUR,Turkey,2015,66.4
PRHSTGHE,Good/very good health,total,IRL,Ireland,2010,82.8
PRHSTGHE,Good/very good health,total,IRL,Ireland,2011,83.2
PRHSTGHE,Good/very good health,total,IRL,Ireland,2012,82.7
PRHSTGHE,Good/very good health,total,IRL,Ireland,2013,82
PRHSTGHE,Good/very good health,total,IRL,Ireland,2014,82.5
PRHSTGHE,Good/very good health,total,IRL,Ireland,2015,82.3
PRHSMFAH,Fair (not good, not bad) health,male,PRT,Portugal,2010,28.8
PRHSMFAH,Fair (not good, not bad) health,male,PRT,Portugal,2011,29.9
PRHSMFAH,Fair (not good, not bad) health,male,PRT,Portugal,2012,31.5
PRHSMFAH,Fair (not good, not bad) health,male,PRT,Portugal,2013,34.1
PRHSMFAH,Fair (not good, not bad) health,male,PRT,Portugal,2014,35.1
PRHSMFAH,Fair (not good, not bad) health,male,PRT,Portugal,2015,33.9
PRHSFFAH,Fair (not good, not bad) health,female,PRT,Portugal,2010,32
PRHSFFAH,Fair (not good, not bad) health,female,PRT,Portugal,2011,34.4
PRHSFFAH,Fair (not good, not bad) health,female,PRT,Portugal,2012,35.7
PRHSFFAH,Fair (not good, not bad) health,female,PRT,Portugal,2013,36.3
PRHSFFAH,Fair (not good, not bad) health,female,PRT,Portugal,2014,36.3
PRHSFFAH,Fair (not good, not bad) health,female,PRT,Portugal,2015,37.1
PRHSMFAH,Fair (not good, not bad) health,male,SVN,Slovenia,2010,25.3
PRHSMFAH,Fair (not good, not bad) health,male,SVN,Slovenia,2011,24.8
PRHSMFAH,Fair (not good, not bad) health,male,SVN,Slovenia,2012,22.4
PRHSMFAH,Fair (not good, not bad) health,male,SVN,Slovenia,2013,22.3
PRHSMFAH,Fair (not good, not bad) health,male,SVN,Slovenia,2014,22.2
PRHSMFAH,Fair (not good, not bad) health,male,SVN,Slovenia,2015,21.9
PRHSFGHE,Good/very good health,female,HUN,Hungary,2010,51.4
PRHSFGHE,Good/very good health,female,HUN,Hungary,2011,52.4
PRHSFGHE,Good/very good health,female,HUN,Hungary,2012,53.8
PRHSFGHE,Good/very good health,female,HUN,Hungary,2013,53.3
PRHSFGHE,Good/very good health,female,HUN,Hungary,2014,54.1
PRHSFGHE,Good/very good health,female,HUN,Hungary,2015,53.3
PRHSTFAH,Fair (not good, not bad) health,total,FRA,France,2010,23.8
PRHSTFAH,Fair (not good, not bad) health,total,FRA,France,2011,23.6
PRHSTFAH,Fair (not good, not bad) health,total,FRA,France,2012,23.4
PRHSTFAH,Fair (not good, not bad) health,total,FRA,France,2013,24.3
PRHSTFAH,Fair (not good, not bad) health,total,FRA,France,2014,23.5
PRHSTFAH,Fair (not good, not bad) health,total,FRA,France,2015,24.4
PRHSTGHE,Good/very good health,total,HUN,Hungary,2010,55
PRHSTGHE,Good/very good health,total,HUN,Hungary,2011,55.9
PRHSTGHE,Good/very good health,total,HUN,Hungary,2012,57.6
PRHSTGHE,Good/very good health,total,HUN,Hungary,2013,56.9
PRHSTGHE,Good/very good health,total,HUN,Hungary,2014,57.5
PRHSTGHE,Good/very good health,total,HUN,Hungary,2015,56.3
PRHSFFAH,Fair (not good, not bad) health,female,SVN,Slovenia,2010,28.7
PRHSFFAH,Fair (not good, not bad) health,female,SVN,Slovenia,2011,27.7
PRHSFFAH,Fair (not good, not bad) health,female,SVN,Slovenia,2012,26.4
PRHSFFAH,Fair (not good, not bad) health,female,SVN,Slovenia,2013,26.6
PRHSFFAH,Fair (not good, not bad) health,female,SVN,Slovenia,2014,26.1
PRHSFFAH,Fair (not good, not bad) health,female,SVN,Slovenia,2015,25.1
PRHSTFAH,Fair (not good, not bad) health,total,SVN,Slovenia,2010,27.1
PRHSTFAH,Fair (not good, not bad) health,total,SVN,Slovenia,2011,26.3
PRHSTFAH,Fair (not good, not bad) health,total,SVN,Slovenia,2012,24.4
PRHSTFAH,Fair (not good, not bad) health,total,SVN,Slovenia,2013,24.5
PRHSTFAH,Fair (not good, not bad) health,total,SVN,Slovenia,2014,24.2
PRHSTFAH,Fair (not good, not bad) health,total,SVN,Slovenia,2015,23.6
PRHSTGHE,Good/very good health,total,EST,Estonia,2010,52.7
PRHSTGHE,Good/very good health,total,EST,Estonia,2011,51.8
PRHSTGHE,Good/very good health,total,EST,Estonia,2012,52.4
PRHSTGHE,Good/very good health,total,EST,Estonia,2013,53.4
PRHSTGHE,Good/very good health,total,EST,Estonia,2014,51.8
PRHSTGHE,Good/very good health,total,EST,Estonia,2015,51.4
PRHSTFAH,Fair (not good, not bad) health,total,PRT,Portugal,2010,30.5
PRHSTFAH,Fair (not good, not bad) health,total,PRT,Portugal,2011,32.2
PRHSTFAH,Fair (not good, not bad) health,total,PRT,Portugal,2012,33.8
PRHSTFAH,Fair (not good, not bad) health,total,PRT,Portugal,2013,35.3
PRHSTFAH,Fair (not good, not bad) health,total,PRT,Portugal,2014,35.7
PRHSTFAH,Fair (not good, not bad) health,total,PRT,Portugal,2015,35.6
PRHSMGHE,Good/very good health,male,EST,Estonia,2010,55.6
PRHSMGHE,Good/very good health,male,EST,Estonia,2011,54.4
PRHSMGHE,Good/very good health,male,EST,Estonia,2012,54.9
PRHSMGHE,Good/very good health,male,EST,Estonia,2013,56.8
PRHSMGHE,Good/very good health,male,EST,Estonia,2014,54.7
PRHSMGHE,Good/very good health,male,EST,Estonia,2015,53.5
PRHSMGHE,Good/very good health,male,HUN,Hungary,2010,59
PRHSMGHE,Good/very good health,male,HUN,Hungary,2011,59.9
PRHSMGHE,Good/very good health,male,HUN,Hungary,2012,61.9
PRHSMGHE,Good/very good health,male,HUN,Hungary,2013,61.1
PRHSMGHE,Good/very good health,male,HUN,Hungary,2014,61.3
PRHSMGHE,Good/very good health,male,HUN,Hungary,2015,59.6
PRHSMGHE,Good/very good health,male,SWE,Sweden,2010,82.2
PRHSMGHE,Good/very good health,male,SWE,Sweden,2011,81.9
PRHSMGHE,Good/very good health,male,SWE,Sweden,2012,83
PRHSMGHE,Good/very good health,male,SWE,Sweden,2013,83.5
PRHSMGHE,Good/very good health,male,SWE,Sweden,2014,82.6
PRHSMGHE,Good/very good health,male,SWE,Sweden,2015,82.3
PRHSMFAH,Fair (not good, not bad) health,male,NOR,Norway,2010,13.7
PRHSMFAH,Fair (not good, not bad) health,male,NOR,Norway,2011,17.3
PRHSMFAH,Fair (not good, not bad) health,male,NOR,Norway,2012,14.4
PRHSMFAH,Fair (not good, not bad) health,male,NOR,Norway,2013,16.1
PRHSMFAH,Fair (not good, not bad) health,male,NOR,Norway,2014,14.2
PRHSMFAH,Fair (not good, not bad) health,male,NOR,Norway,2015,14.9
PRHSFGHE,Good/very good health,female,SWE,Sweden,2010,77.8
PRHSFGHE,Good/very good health,female,SWE,Sweden,2011,78
PRHSFGHE,Good/very good health,female,SWE,Sweden,2012,78.9
PRHSFGHE,Good/very good health,female,SWE,Sweden,2013,78.8
PRHSFGHE,Good/very good health,female,SWE,Sweden,2014,77.6
PRHSFGHE,Good/very good health,female,SWE,Sweden,2015,77.1
PRHSTFAH,Fair (not good, not bad) health,total,ESP,Spain,2010,20.1
PRHSTFAH,Fair (not good, not bad) health,total,ESP,Spain,2011,17.2
PRHSTFAH,Fair (not good, not bad) health,total,ESP,Spain,2012,17.6
PRHSTFAH,Fair (not good, not bad) health,total,ESP,Spain,2013,19.9
PRHSTFAH,Fair (not good, not bad) health,total,ESP,Spain,2014,19.1
PRHSTFAH,Fair (not good, not bad) health,total,ESP,Spain,2015,20.2
PRHSFFAH,Fair (not good, not bad) health,female,NOR,Norway,2010,17.3
PRHSFFAH,Fair (not good, not bad) health,female,NOR,Norway,2011,19.2
PRHSFFAH,Fair (not good, not bad) health,female,NOR,Norway,2012,15.7
PRHSFFAH,Fair (not good, not bad) health,female,NOR,Norway,2013,16
PRHSFFAH,Fair (not good, not bad) health,female,NOR,Norway,2014,15.1
PRHSFFAH,Fair (not good, not bad) health,female,NOR,Norway,2015,15.6
PRHSTFAH,Fair (not good, not bad) health,total,HUN,Hungary,2010,28.4
PRHSTFAH,Fair (not good, not bad) health,total,HUN,Hungary,2011,27.9
PRHSTFAH,Fair (not good, not bad) health,total,HUN,Hungary,2012,26.4
PRHSTFAH,Fair (not good, not bad) health,total,HUN,Hungary,2013,27.3
PRHSTFAH,Fair (not good, not bad) health,total,HUN,Hungary,2014,26.7
PRHSTFAH,Fair (not good, not bad) health,total,HUN,Hungary,2015,27.9
PRHSTFAH,Fair (not good, not bad) health,total,GBR,United Kingdom,2010,14.8
PRHSTFAH,Fair (not good, not bad) health,total,GBR,United Kingdom,2011,16.8
PRHSTFAH,Fair (not good, not bad) health,total,GBR,United Kingdom,2012,17.1
PRHSTFAH,Fair (not good, not bad) health,total,GBR,United Kingdom,2013,18
PRHSTFAH,Fair (not good, not bad) health,total,GBR,United Kingdom,2014,21
PRHSTFAH,Fair (not good, not bad) health,total,GBR,United Kingdom,2015,21.6
PRHSMFAH,Fair (not good, not bad) health,male,HUN,Hungary,2010,26.7
PRHSMFAH,Fair (not good, not bad) health,male,HUN,Hungary,2011,26.6
PRHSMFAH,Fair (not good, not bad) health,male,HUN,Hungary,2012,24.5
PRHSMFAH,Fair (not good, not bad) health,male,HUN,Hungary,2013,25.5
PRHSMFAH,Fair (not good, not bad) health,male,HUN,Hungary,2014,25.6
PRHSMFAH,Fair (not good, not bad) health,male,HUN,Hungary,2015,26.8
PRHSMGHE,Good/very good health,male,IRL,Ireland,2010,83.4
PRHSMGHE,Good/very good health,male,IRL,Ireland,2011,83.6
PRHSMGHE,Good/very good health,male,IRL,Ireland,2012,82.9
PRHSMGHE,Good/very good health,male,IRL,Ireland,2013,83.1
PRHSMGHE,Good/very good health,male,IRL,Ireland,2014,83.3
PRHSMGHE,Good/very good health,male,IRL,Ireland,2015,83
PRHSMBAH,Bad/very bad health,male,ISL,Iceland,2010,4.2
PRHSMBAH,Bad/very bad health,male,ISL,Iceland,2011,5.1
PRHSMBAH,Bad/very bad health,male,ISL,Iceland,2012,3.7
PRHSMBAH,Bad/very bad health,male,ISL,Iceland,2013,3.9
PRHSMBAH,Bad/very bad health,male,ISL,Iceland,2014,4.7
PRHSMBAH,Bad/very bad health,male,ISL,Iceland,2015,3.9
PRHSFBAH,Bad/very bad health,female,ISL,Iceland,2010,6.2
PRHSFBAH,Bad/very bad health,female,ISL,Iceland,2011,7.7
PRHSFBAH,Bad/very bad health,female,ISL,Iceland,2012,6.3
PRHSFBAH,Bad/very bad health,female,ISL,Iceland,2013,7.7
PRHSFBAH,Bad/very bad health,female,ISL,Iceland,2014,7.9
PRHSFBAH,Bad/very bad health,female,ISL,Iceland,2015,7.5
PRHSFGHE,Good/very good health,female,IRL,Ireland,2010,82.2
PRHSFGHE,Good/very good health,female,IRL,Ireland,2011,82.7
PRHSFGHE,Good/very good health,female,IRL,Ireland,2012,82.6
PRHSFGHE,Good/very good health,female,IRL,Ireland,2013,80.9
PRHSFGHE,Good/very good health,female,IRL,Ireland,2014,81.8
PRHSFGHE,Good/very good health,female,IRL,Ireland,2015,81.7
PRHSFBAH,Bad/very bad health,female,NLD,Netherlands,2010,5.4
PRHSFBAH,Bad/very bad health,female,NLD,Netherlands,2011,6.4
PRHSFBAH,Bad/very bad health,female,NLD,Netherlands,2012,6.4
PRHSFBAH,Bad/very bad health,female,NLD,Netherlands,2013,6.1
PRHSFBAH,Bad/very bad health,female,NLD,Netherlands,2014,6
PRHSFBAH,Bad/very bad health,female,NLD,Netherlands,2015,5.8
PRHSTGHE,Good/very good health,total,LUX,Luxembourg,2010,75.3
PRHSTGHE,Good/very good health,total,LUX,Luxembourg,2011,72.5
PRHSTGHE,Good/very good health,total,LUX,Luxembourg,2012,73.8
PRHSTGHE,Good/very good health,total,LUX,Luxembourg,2013,71.9
PRHSTGHE,Good/very good health,total,LUX,Luxembourg,2014,72.8
PRHSTGHE,Good/very good health,total,LUX,Luxembourg,2015,70.4
PRHSMGHE,Good/very good health,male,LUX,Luxembourg,2010,76.7
PRHSMGHE,Good/very good health,male,LUX,Luxembourg,2011,75
PRHSMGHE,Good/very good health,male,LUX,Luxembourg,2012,75.1
PRHSMGHE,Good/very good health,male,LUX,Luxembourg,2013,73.9
PRHSMGHE,Good/very good health,male,LUX,Luxembourg,2014,74.6
PRHSMGHE,Good/very good health,male,LUX,Luxembourg,2015,72.4
PRHSFGHE,Good/very good health,female,EST,Estonia,2010,50.8
PRHSFGHE,Good/very good health,female,EST,Estonia,2011,50
PRHSFGHE,Good/very good health,female,EST,Estonia,2012,50.6
PRHSFGHE,Good/very good health,female,EST,Estonia,2013,51.1
PRHSFGHE,Good/very good health,female,EST,Estonia,2014,49.9
PRHSFGHE,Good/very good health,female,EST,Estonia,2015,50
PRHSFBAH,Bad/very bad health,female,CZE,Czech Republic,2010,13
PRHSFBAH,Bad/very bad health,female,CZE,Czech Republic,2011,13.5
PRHSFBAH,Bad/very bad health,female,CZE,Czech Republic,2012,13.8
PRHSFBAH,Bad/very bad health,female,CZE,Czech Republic,2013,13.6
PRHSFBAH,Bad/very bad health,female,CZE,Czech Republic,2014,12.3
PRHSFBAH,Bad/very bad health,female,CZE,Czech Republic,2015,11.8
PRHSTBAH,Bad/very bad health,total,PRT,Portugal,2010,20.3
PRHSTBAH,Bad/very bad health,total,PRT,Portugal,2011,18
PRHSTBAH,Bad/very bad health,total,PRT,Portugal,2012,18.2
PRHSTBAH,Bad/very bad health,total,PRT,Portugal,2013,18.6
PRHSTBAH,Bad/very bad health,total,PRT,Portugal,2014,18.3
PRHSTBAH,Bad/very bad health,total,PRT,Portugal,2015,18
PRHSMBAH,Bad/very bad health,male,CZE,Czech Republic,2010,11.3
PRHSMBAH,Bad/very bad health,male,CZE,Czech Republic,2011,11.3
PRHSMBAH,Bad/very bad health,male,CZE,Czech Republic,2012,11.5
PRHSMBAH,Bad/very bad health,male,CZE,Czech Republic,2013,11.8
PRHSMBAH,Bad/very bad health,male,CZE,Czech Republic,2014,10.7
PRHSMBAH,Bad/very bad health,male,CZE,Czech Republic,2015,10.1
PRHSTBAH,Bad/very bad health,total,SVN,Slovenia,2010,13.3
PRHSTBAH,Bad/very bad health,total,SVN,Slovenia,2011,13.3
PRHSTBAH,Bad/very bad health,total,SVN,Slovenia,2012,12.5
PRHSTBAH,Bad/very bad health,total,SVN,Slovenia,2013,10.7
PRHSTBAH,Bad/very bad health,total,SVN,Slovenia,2014,11
PRHSTBAH,Bad/very bad health,total,SVN,Slovenia,2015,11.6
PRHSTGHE,Good/very good health,total,SVK,Slovak Republic,2010,63.5
PRHSTGHE,Good/very good health,total,SVK,Slovak Republic,2011,63.2
PRHSTGHE,Good/very good health,total,SVK,Slovak Republic,2012,65.7
PRHSTGHE,Good/very good health,total,SVK,Slovak Republic,2013,65.9
PRHSTGHE,Good/very good health,total,SVK,Slovak Republic,2014,64.7
PRHSTGHE,Good/very good health,total,SVK,Slovak Republic,2015,65.9
PRHSMFAH,Fair (not good, not bad) health,male,ESP,Spain,2010,18.1
PRHSMFAH,Fair (not good, not bad) health,male,ESP,Spain,2011,15.2
PRHSMFAH,Fair (not good, not bad) health,male,ESP,Spain,2012,15.9
PRHSMFAH,Fair (not good, not bad) health,male,ESP,Spain,2013,17.7
PRHSMFAH,Fair (not good, not bad) health,male,ESP,Spain,2014,17
PRHSMFAH,Fair (not good, not bad) health,male,ESP,Spain,2015,18.6
PRHSFFAH,Fair (not good, not bad) health,female,FIN,Finland,2010,25.8
PRHSFFAH,Fair (not good, not bad) health,female,FIN,Finland,2011,24.8
PRHSFFAH,Fair (not good, not bad) health,female,FIN,Finland,2012,26.8
PRHSFFAH,Fair (not good, not bad) health,female,FIN,Finland,2013,28.9
PRHSFFAH,Fair (not good, not bad) health,female,FIN,Finland,2014,24.1
PRHSFFAH,Fair (not good, not bad) health,female,FIN,Finland,2015,24.7
PRHSMGHE,Good/very good health,male,DNK,Denmark,2010,72.8
PRHSMGHE,Good/very good health,male,DNK,Denmark,2011,72.9
PRHSMGHE,Good/very good health,male,DNK,Denmark,2012,71.4
PRHSMGHE,Good/very good health,male,DNK,Denmark,2013,74
PRHSMGHE,Good/very good health,male,DNK,Denmark,2014,74.4
PRHSMGHE,Good/very good health,male,DNK,Denmark,2015,73.1
PRHSFGHE,Good/very good health,female,SVK,Slovak Republic,2010,59.2
PRHSFGHE,Good/very good health,female,SVK,Slovak Republic,2011,58.8
PRHSFGHE,Good/very good health,female,SVK,Slovak Republic,2012,60.7
PRHSFGHE,Good/very good health,female,SVK,Slovak Republic,2013,61.4
PRHSFGHE,Good/very good health,female,SVK,Slovak Republic,2014,61.1
PRHSFGHE,Good/very good health,female,SVK,Slovak Republic,2015,62.3
PRHSTGHE,Good/very good health,total,DNK,Denmark,2010,71
PRHSTGHE,Good/very good health,total,DNK,Denmark,2011,70.8
PRHSTGHE,Good/very good health,total,DNK,Denmark,2012,70.7
PRHSTGHE,Good/very good health,total,DNK,Denmark,2013,71.7
PRHSTGHE,Good/very good health,total,DNK,Denmark,2014,72.4
PRHSTGHE,Good/very good health,total,DNK,Denmark,2015,71.6
PRHSMBAH,Bad/very bad health,male,SVN,Slovenia,2010,11.5
PRHSMBAH,Bad/very bad health,male,SVN,Slovenia,2011,11.7
PRHSMBAH,Bad/very bad health,male,SVN,Slovenia,2012,10.9
PRHSMBAH,Bad/very bad health,male,SVN,Slovenia,2013,9.8
PRHSMBAH,Bad/very bad health,male,SVN,Slovenia,2014,9.7
PRHSMBAH,Bad/very bad health,male,SVN,Slovenia,2015,10
PRHSFGHE,Good/very good health,female,DNK,Denmark,2010,69.3
PRHSFGHE,Good/very good health,female,DNK,Denmark,2011,68.9
PRHSFGHE,Good/very good health,female,DNK,Denmark,2012,70.1
PRHSFGHE,Good/very good health,female,DNK,Denmark,2013,69.4
PRHSFGHE,Good/very good health,female,DNK,Denmark,2014,70.5
PRHSFGHE,Good/very good health,female,DNK,Denmark,2015,70.1
PRHSFFAH,Fair (not good, not bad) health,female,ESP,Spain,2010,22
PRHSFFAH,Fair (not good, not bad) health,female,ESP,Spain,2011,19.2
PRHSFFAH,Fair (not good, not bad) health,female,ESP,Spain,2012,19.2
PRHSFFAH,Fair (not good, not bad) health,female,ESP,Spain,2013,22
PRHSFFAH,Fair (not good, not bad) health,female,ESP,Spain,2014,21
PRHSFFAH,Fair (not good, not bad) health,female,ESP,Spain,2015,21.7
PRHSTBAH,Bad/very bad health,total,CZE,Czech Republic,2010,12.2
PRHSTBAH,Bad/very bad health,total,CZE,Czech Republic,2011,12.6
PRHSTBAH,Bad/very bad health,total,CZE,Czech Republic,2012,12.8
PRHSTBAH,Bad/very bad health,total,CZE,Czech Republic,2013,12.8
PRHSTBAH,Bad/very bad health,total,CZE,Czech Republic,2014,11.6
PRHSTBAH,Bad/very bad health,total,CZE,Czech Republic,2015,11.1
PRHSMGHE,Good/very good health,male,SVK,Slovak Republic,2010,68.3
PRHSMGHE,Good/very good health,male,SVK,Slovak Republic,2011,68
PRHSMGHE,Good/very good health,male,SVK,Slovak Republic,2012,71
PRHSMGHE,Good/very good health,male,SVK,Slovak Republic,2013,70.9
PRHSMGHE,Good/very good health,male,SVK,Slovak Republic,2014,68.5
PRHSMGHE,Good/very good health,male,SVK,Slovak Republic,2015,69.7
PRHSMBAH,Bad/very bad health,male,PRT,Portugal,2010,16.4
PRHSMBAH,Bad/very bad health,male,PRT,Portugal,2011,14.7
PRHSMBAH,Bad/very bad health,male,PRT,Portugal,2012,14.5
PRHSMBAH,Bad/very bad health,male,PRT,Portugal,2013,14.4
PRHSMBAH,Bad/very bad health,male,PRT,Portugal,2014,14.5
PRHSMBAH,Bad/very bad health,male,PRT,Portugal,2015,14.6
PRHSFBAH,Bad/very bad health,female,ESP,Spain,2010,9.6
PRHSFBAH,Bad/very bad health,female,ESP,Spain,2011,8.6
PRHSFBAH,Bad/very bad health,female,ESP,Spain,2012,9.2
PRHSFBAH,Bad/very bad health,female,ESP,Spain,2013,9.8
PRHSFBAH,Bad/very bad health,female,ESP,Spain,2014,9.8
PRHSFBAH,Bad/very bad health,female,ESP,Spain,2015,8.8
PRHSFBAH,Bad/very bad health,female,FIN,Finland,2010,7.5
PRHSFBAH,Bad/very bad health,female,FIN,Finland,2011,7.8
PRHSFBAH,Bad/very bad health,female,FIN,Finland,2012,7.1
PRHSFBAH,Bad/very bad health,female,FIN,Finland,2013,7.2
PRHSFBAH,Bad/very bad health,female,FIN,Finland,2014,6.8
PRHSFBAH,Bad/very bad health,female,FIN,Finland,2015,5.9
PRHSMFAH,Fair (not good, not bad) health,male,EST,Estonia,2010,31.7
PRHSMFAH,Fair (not good, not bad) health,male,EST,Estonia,2011,31.2
PRHSMFAH,Fair (not good, not bad) health,male,EST,Estonia,2012,31
PRHSMFAH,Fair (not good, not bad) health,male,EST,Estonia,2013,29.6
PRHSMFAH,Fair (not good, not bad) health,male,EST,Estonia,2014,29.8
PRHSMFAH,Fair (not good, not bad) health,male,EST,Estonia,2015,32.8
PRHSTFAH,Fair (not good, not bad) health,total,LUX,Luxembourg,2010,16.8
PRHSTFAH,Fair (not good, not bad) health,total,LUX,Luxembourg,2011,19.6
PRHSTFAH,Fair (not good, not bad) health,total,LUX,Luxembourg,2012,18.9
PRHSTFAH,Fair (not good, not bad) health,total,LUX,Luxembourg,2013,19.8
PRHSTFAH,Fair (not good, not bad) health,total,LUX,Luxembourg,2014,18.9
PRHSTFAH,Fair (not good, not bad) health,total,LUX,Luxembourg,2015,20.9
PRHSTGHE,Good/very good health,total,CZE,Czech Republic,2010,62.2
PRHSTGHE,Good/very good health,total,CZE,Czech Republic,2011,59.4
PRHSTGHE,Good/very good health,total,CZE,Czech Republic,2012,60.4
PRHSTGHE,Good/very good health,total,CZE,Czech Republic,2013,59.6
PRHSTGHE,Good/very good health,total,CZE,Czech Republic,2014,60.7
PRHSTGHE,Good/very good health,total,CZE,Czech Republic,2015,61.2
PRHSTGHE,Good/very good health,total,NLD,Netherlands,2010,78
PRHSTGHE,Good/very good health,total,NLD,Netherlands,2011,76.3
PRHSTGHE,Good/very good health,total,NLD,Netherlands,2012,75.6
PRHSTGHE,Good/very good health,total,NLD,Netherlands,2013,75.6
PRHSTGHE,Good/very good health,total,NLD,Netherlands,2014,77.3
PRHSTGHE,Good/very good health,total,NLD,Netherlands,2015,76.2
PRHSMBAH,Bad/very bad health,male,FIN,Finland,2010,6.8
PRHSMBAH,Bad/very bad health,male,FIN,Finland,2011,7.1
PRHSMBAH,Bad/very bad health,male,FIN,Finland,2012,6.4
PRHSMBAH,Bad/very bad health,male,FIN,Finland,2013,6.1
PRHSMBAH,Bad/very bad health,male,FIN,Finland,2014,6.1
PRHSMBAH,Bad/very bad health,male,FIN,Finland,2015,5.6
PRHSFGHE,Good/very good health,female,NLD,Netherlands,2010,75.9
PRHSFGHE,Good/very good health,female,NLD,Netherlands,2011,73.5
PRHSFGHE,Good/very good health,female,NLD,Netherlands,2012,72.1
PRHSFGHE,Good/very good health,female,NLD,Netherlands,2013,71.6
PRHSFGHE,Good/very good health,female,NLD,Netherlands,2014,74.2
PRHSFGHE,Good/very good health,female,NLD,Netherlands,2015,72.6
PRHSTBAH,Bad/very bad health,total,ESP,Spain,2010,8.1
PRHSTBAH,Bad/very bad health,total,ESP,Spain,2011,7.4
PRHSTBAH,Bad/very bad health,total,ESP,Spain,2012,8.1
PRHSTBAH,Bad/very bad health,total,ESP,Spain,2013,8.4
PRHSTBAH,Bad/very bad health,total,ESP,Spain,2014,8.3
PRHSTBAH,Bad/very bad health,total,ESP,Spain,2015,7.5
PRHSTGHE,Good/very good health,total,POL,Poland,2010,57.8
PRHSTGHE,Good/very good health,total,POL,Poland,2011,57.6
PRHSTGHE,Good/very good health,total,POL,Poland,2012,57.7
PRHSTGHE,Good/very good health,total,POL,Poland,2013,58.3
PRHSTGHE,Good/very good health,total,POL,Poland,2014,58.1
PRHSTGHE,Good/very good health,total,POL,Poland,2015,57.8
PRHSMGHE,Good/very good health,male,NLD,Netherlands,2010,80.3
PRHSMGHE,Good/very good health,male,NLD,Netherlands,2011,79.5
PRHSMGHE,Good/very good health,male,NLD,Netherlands,2012,79.4
PRHSMGHE,Good/very good health,male,NLD,Netherlands,2013,79.7
PRHSMGHE,Good/very good health,male,NLD,Netherlands,2014,80.5
PRHSMGHE,Good/very good health,male,NLD,Netherlands,2015,80.1
PRHSMBAH,Bad/very bad health,male,ESP,Spain,2010,6.6
PRHSMBAH,Bad/very bad health,male,ESP,Spain,2011,6.2
PRHSMBAH,Bad/very bad health,male,ESP,Spain,2012,6.9
PRHSMBAH,Bad/very bad health,male,ESP,Spain,2013,7.1
PRHSMBAH,Bad/very bad health,male,ESP,Spain,2014,6.7
PRHSMBAH,Bad/very bad health,male,ESP,Spain,2015,6.1
PRHSFBAH,Bad/very bad health,female,DNK,Denmark,2010,9
PRHSFBAH,Bad/very bad health,female,DNK,Denmark,2011,9.6
PRHSFBAH,Bad/very bad health,female,DNK,Denmark,2012,8.3
PRHSFBAH,Bad/very bad health,female,DNK,Denmark,2013,8.6
PRHSFBAH,Bad/very bad health,female,DNK,Denmark,2014,8.2
PRHSFBAH,Bad/very bad health,female,DNK,Denmark,2015,8.8
PRHSFFAH,Fair (not good, not bad) health,female,EST,Estonia,2010,32.9
PRHSFFAH,Fair (not good, not bad) health,female,EST,Estonia,2011,32.5
PRHSFFAH,Fair (not good, not bad) health,female,EST,Estonia,2012,31.6
PRHSFFAH,Fair (not good, not bad) health,female,EST,Estonia,2013,31.9
PRHSFFAH,Fair (not good, not bad) health,female,EST,Estonia,2014,32.9
PRHSFFAH,Fair (not good, not bad) health,female,EST,Estonia,2015,32.8
PRHSMFAH,Fair (not good, not bad) health,male,IRL,Ireland,2010,13.9
PRHSMFAH,Fair (not good, not bad) health,male,IRL,Ireland,2011,13.6
PRHSMFAH,Fair (not good, not bad) health,male,IRL,Ireland,2012,13.9
PRHSMFAH,Fair (not good, not bad) health,male,IRL,Ireland,2013,13.5
PRHSMFAH,Fair (not good, not bad) health,male,IRL,Ireland,2014,13.1
PRHSMFAH,Fair (not good, not bad) health,male,IRL,Ireland,2015,13.1
PRHSFBAH,Bad/very bad health,female,SVK,Slovak Republic,2010,16
PRHSFBAH,Bad/very bad health,female,SVK,Slovak Republic,2011,16
PRHSFBAH,Bad/very bad health,female,SVK,Slovak Republic,2012,14.5
PRHSFBAH,Bad/very bad health,female,SVK,Slovak Republic,2013,13.6
PRHSFBAH,Bad/very bad health,female,SVK,Slovak Republic,2014,14.5
PRHSFBAH,Bad/very bad health,female,SVK,Slovak Republic,2015,14.1
PRHSTBAH,Bad/very bad health,total,GRC,Greece,2010,9.7
PRHSTBAH,Bad/very bad health,total,GRC,Greece,2011,9
PRHSTBAH,Bad/very bad health,total,GRC,Greece,2012,9.3
PRHSTBAH,Bad/very bad health,total,GRC,Greece,2013,10.5
PRHSTBAH,Bad/very bad health,total,GRC,Greece,2014,10.8
PRHSTBAH,Bad/very bad health,total,GRC,Greece,2015,10
PRHSFFAH,Fair (not good, not bad) health,female,IRL,Ireland,2010,14.2
PRHSFFAH,Fair (not good, not bad) health,female,IRL,Ireland,2011,14.3
PRHSFFAH,Fair (not good, not bad) health,female,IRL,Ireland,2012,14.7
PRHSFFAH,Fair (not good, not bad) health,female,IRL,Ireland,2013,15.2
PRHSFFAH,Fair (not good, not bad) health,female,IRL,Ireland,2014,13.9
PRHSFFAH,Fair (not good, not bad) health,female,IRL,Ireland,2015,14.5
PRHSMBAH,Bad/very bad health,male,SVK,Slovak Republic,2010,11.5
PRHSMBAH,Bad/very bad health,male,SVK,Slovak Republic,2011,10.8
PRHSMBAH,Bad/very bad health,male,SVK,Slovak Republic,2012,10.5
PRHSMBAH,Bad/very bad health,male,SVK,Slovak Republic,2013,10
PRHSMBAH,Bad/very bad health,male,SVK,Slovak Republic,2014,10.7
PRHSMBAH,Bad/very bad health,male,SVK,Slovak Republic,2015,10.4
PRHSMBAH,Bad/very bad health,male,GRC,Greece,2010,9
PRHSMBAH,Bad/very bad health,male,GRC,Greece,2011,8.1
PRHSMBAH,Bad/very bad health,male,GRC,Greece,2012,8
PRHSMBAH,Bad/very bad health,male,GRC,Greece,2013,9.2
PRHSMBAH,Bad/very bad health,male,GRC,Greece,2014,9.8
PRHSMBAH,Bad/very bad health,male,GRC,Greece,2015,9
PRHSFFAH,Fair (not good, not bad) health,female,ISL,Iceland,2010,17.6
PRHSFFAH,Fair (not good, not bad) health,female,ISL,Iceland,2011,16.2
PRHSFFAH,Fair (not good, not bad) health,female,ISL,Iceland,2012,19
PRHSFFAH,Fair (not good, not bad) health,female,ISL,Iceland,2013,18.2
PRHSFFAH,Fair (not good, not bad) health,female,ISL,Iceland,2014,19.1
PRHSFFAH,Fair (not good, not bad) health,female,ISL,Iceland,2015,19.9
PRHSTBAH,Bad/very bad health,total,HUN,Hungary,2010,16.6
PRHSTBAH,Bad/very bad health,total,HUN,Hungary,2011,16.2
PRHSTBAH,Bad/very bad health,total,HUN,Hungary,2012,16
PRHSTBAH,Bad/very bad health,total,HUN,Hungary,2013,15.7
PRHSTBAH,Bad/very bad health,total,HUN,Hungary,2014,15.9
PRHSTBAH,Bad/very bad health,total,HUN,Hungary,2015,15.8
PRHSTBAH,Bad/very bad health,total,TUR,Turkey,2010,13.7
PRHSTBAH,Bad/very bad health,total,TUR,Turkey,2011,12.7
PRHSTBAH,Bad/very bad health,total,TUR,Turkey,2012,12.1
PRHSTBAH,Bad/very bad health,total,TUR,Turkey,2013,11.7
PRHSTBAH,Bad/very bad health,total,TUR,Turkey,2014,11.8
PRHSTBAH,Bad/very bad health,total,TUR,Turkey,2015,12
PRHSMFAH,Fair (not good, not bad) health,male,ISL,Iceland,2010,16.4
PRHSMFAH,Fair (not good, not bad) health,male,ISL,Iceland,2011,15.7
PRHSMFAH,Fair (not good, not bad) health,male,ISL,Iceland,2012,17.3
PRHSMFAH,Fair (not good, not bad) health,male,ISL,Iceland,2013,16.8
PRHSMFAH,Fair (not good, not bad) health,male,ISL,Iceland,2014,15.9
PRHSMFAH,Fair (not good, not bad) health,male,ISL,Iceland,2015,16
PRHSMGHE,Good/very good health,male,CZE,Czech Republic,2010,64.9
PRHSMGHE,Good/very good health,male,CZE,Czech Republic,2011,62.5
PRHSMGHE,Good/very good health,male,CZE,Czech Republic,2012,63.1
PRHSMGHE,Good/very good health,male,CZE,Czech Republic,2013,62.2
PRHSMGHE,Good/very good health,male,CZE,Czech Republic,2014,63.2
PRHSMGHE,Good/very good health,male,CZE,Czech Republic,2015,63.4
PRHSMFAH,Fair (not good, not bad) health,male,LUX,Luxembourg,2010,15.8
PRHSMFAH,Fair (not good, not bad) health,male,LUX,Luxembourg,2011,17.9
PRHSMFAH,Fair (not good, not bad) health,male,LUX,Luxembourg,2012,18.5
PRHSMFAH,Fair (not good, not bad) health,male,LUX,Luxembourg,2013,18.9
PRHSMFAH,Fair (not good, not bad) health,male,LUX,Luxembourg,2014,17.8
PRHSMFAH,Fair (not good, not bad) health,male,LUX,Luxembourg,2015,19.9
PRHSMFAH,Fair (not good, not bad) health,male,GRC,Greece,2010,13.2
PRHSMFAH,Fair (not good, not bad) health,male,GRC,Greece,2011,13.1
PRHSMFAH,Fair (not good, not bad) health,male,GRC,Greece,2012,14.2
PRHSMFAH,Fair (not good, not bad) health,male,GRC,Greece,2013,13.9
PRHSMFAH,Fair (not good, not bad) health,male,GRC,Greece,2014,14.1
PRHSMFAH,Fair (not good, not bad) health,male,GRC,Greece,2015,13.8
PRHSFGHE,Good/very good health,female,CZE,Czech Republic,2010,60
PRHSFGHE,Good/very good health,female,CZE,Czech Republic,2011,57
PRHSFGHE,Good/very good health,female,CZE,Czech Republic,2012,58.4
PRHSFGHE,Good/very good health,female,CZE,Czech Republic,2013,57.6
PRHSFGHE,Good/very good health,female,CZE,Czech Republic,2014,58.8
PRHSFGHE,Good/very good health,female,CZE,Czech Republic,2015,59.6
PRHSTBAH,Bad/very bad health,total,POL,Poland,2010,15.4
PRHSTBAH,Bad/very bad health,total,POL,Poland,2011,14.9
PRHSTBAH,Bad/very bad health,total,POL,Poland,2012,14.7
PRHSTBAH,Bad/very bad health,total,POL,Poland,2013,14.3
PRHSTBAH,Bad/very bad health,total,POL,Poland,2014,13.7
PRHSTBAH,Bad/very bad health,total,POL,Poland,2015,14.3
PRHSFBAH,Bad/very bad health,female,POL,Poland,2010,16.9
PRHSFBAH,Bad/very bad health,female,POL,Poland,2011,16.2
PRHSFBAH,Bad/very bad health,female,POL,Poland,2012,15.9
PRHSFBAH,Bad/very bad health,female,POL,Poland,2013,15.3
PRHSFBAH,Bad/very bad health,female,POL,Poland,2014,14.9
PRHSFBAH,Bad/very bad health,female,POL,Poland,2015,15.3
PRHSTFAH,Fair (not good, not bad) health,total,ISL,Iceland,2010,17
PRHSTFAH,Fair (not good, not bad) health,total,ISL,Iceland,2011,16
PRHSTFAH,Fair (not good, not bad) health,total,ISL,Iceland,2012,18.1
PRHSTFAH,Fair (not good, not bad) health,total,ISL,Iceland,2013,17.5
PRHSTFAH,Fair (not good, not bad) health,total,ISL,Iceland,2014,17.5
PRHSTFAH,Fair (not good, not bad) health,total,ISL,Iceland,2015,18
PRHSFFAH,Fair (not good, not bad) health,female,NLD,Netherlands,2010,18.7
PRHSFFAH,Fair (not good, not bad) health,female,NLD,Netherlands,2011,20.2
PRHSFFAH,Fair (not good, not bad) health,female,NLD,Netherlands,2012,21.5
PRHSFFAH,Fair (not good, not bad) health,female,NLD,Netherlands,2013,22.4
PRHSFFAH,Fair (not good, not bad) health,female,NLD,Netherlands,2014,19.8
PRHSFFAH,Fair (not good, not bad) health,female,NLD,Netherlands,2015,21.6
PRHSTGHE,Good/very good health,total,DEU,Germany,2010,65.2
PRHSTGHE,Good/very good health,total,DEU,Germany,2011,64.8
PRHSTGHE,Good/very good health,total,DEU,Germany,2012,65.4
PRHSTGHE,Good/very good health,total,DEU,Germany,2013,64.9
PRHSTGHE,Good/very good health,total,DEU,Germany,2014,65.2
PRHSTGHE,Good/very good health,total,DEU,Germany,2015,64.5
PRHSMBAH,Bad/very bad health,male,POL,Poland,2010,13.6
PRHSMBAH,Bad/very bad health,male,POL,Poland,2011,13.4
PRHSMBAH,Bad/very bad health,male,POL,Poland,2012,13.2
PRHSMBAH,Bad/very bad health,male,POL,Poland,2013,13.1
PRHSMBAH,Bad/very bad health,male,POL,Poland,2014,12.4
PRHSMBAH,Bad/very bad health,male,POL,Poland,2015,13.1
PRHSFFAH,Fair (not good, not bad) health,female,GRC,Greece,2010,16.3
PRHSFFAH,Fair (not good, not bad) health,female,GRC,Greece,2011,16
PRHSFFAH,Fair (not good, not bad) health,female,GRC,Greece,2012,17.3
PRHSFFAH,Fair (not good, not bad) health,female,GRC,Greece,2013,17.1
PRHSFFAH,Fair (not good, not bad) health,female,GRC,Greece,2014,17.3
PRHSFFAH,Fair (not good, not bad) health,female,GRC,Greece,2015,17.4
PRHSTFAH,Fair (not good, not bad) health,total,NOR,Norway,2010,15.5
PRHSTFAH,Fair (not good, not bad) health,total,NOR,Norway,2011,18.3
PRHSTFAH,Fair (not good, not bad) health,total,NOR,Norway,2012,15
PRHSTFAH,Fair (not good, not bad) health,total,NOR,Norway,2013,16
PRHSTFAH,Fair (not good, not bad) health,total,NOR,Norway,2014,14.6
PRHSTFAH,Fair (not good, not bad) health,total,NOR,Norway,2015,15.3
PRHSFBAH,Bad/very bad health,female,CHE,Switzerland,2010,3.8
PRHSFBAH,Bad/very bad health,female,CHE,Switzerland,2011,3.9
PRHSFBAH,Bad/very bad health,female,CHE,Switzerland,2012,3.5
PRHSFBAH,Bad/very bad health,female,CHE,Switzerland,2013,4.1
PRHSFBAH,Bad/very bad health,female,CHE,Switzerland,2014,4.6
PRHSMGHE,Good/very good health,male,FIN,Finland,2010,70.1
PRHSMGHE,Good/very good health,male,FIN,Finland,2011,70.3
PRHSMGHE,Good/very good health,male,FIN,Finland,2012,68.3
PRHSMGHE,Good/very good health,male,FIN,Finland,2013,65.4
PRHSMGHE,Good/very good health,male,FIN,Finland,2014,69.3
PRHSMGHE,Good/very good health,male,FIN,Finland,2015,70.3
PRHSFFAH,Fair (not good, not bad) health,female,FRA,France,2010,25
PRHSFFAH,Fair (not good, not bad) health,female,FRA,France,2011,25.8
PRHSFFAH,Fair (not good, not bad) health,female,FRA,France,2012,24.6
PRHSFFAH,Fair (not good, not bad) health,female,FRA,France,2013,26.5
PRHSFFAH,Fair (not good, not bad) health,female,FRA,France,2014,25.3
PRHSFFAH,Fair (not good, not bad) health,female,FRA,France,2015,26.1
PRHSTBAH,Bad/very bad health,total,SVK,Slovak Republic,2010,13.8
PRHSTBAH,Bad/very bad health,total,SVK,Slovak Republic,2011,13.5
PRHSTBAH,Bad/very bad health,total,SVK,Slovak Republic,2012,12.6
PRHSTBAH,Bad/very bad health,total,SVK,Slovak Republic,2013,11.9
PRHSTBAH,Bad/very bad health,total,SVK,Slovak Republic,2014,12.7
PRHSTBAH,Bad/very bad health,total,SVK,Slovak Republic,2015,12.3
PRHSMBAH,Bad/very bad health,male,GBR,United Kingdom,2010,6
PRHSMBAH,Bad/very bad health,male,GBR,United Kingdom,2011,5.4
PRHSMBAH,Bad/very bad health,male,GBR,United Kingdom,2012,7.6
PRHSMBAH,Bad/very bad health,male,GBR,United Kingdom,2013,8.6
PRHSMBAH,Bad/very bad health,male,GBR,United Kingdom,2014,9.3
PRHSMBAH,Bad/very bad health,male,GBR,United Kingdom,2015,8.5
PRHSTGHE,Good/very good health,total,FIN,Finland,2010,68.3
PRHSTGHE,Good/very good health,total,FIN,Finland,2011,68.8
PRHSTGHE,Good/very good health,total,FIN,Finland,2012,67.1
PRHSTGHE,Good/very good health,total,FIN,Finland,2013,64.6
PRHSTGHE,Good/very good health,total,FIN,Finland,2014,69.2
PRHSTGHE,Good/very good health,total,FIN,Finland,2015,69.8
PRHSMFAH,Fair (not good, not bad) health,male,FRA,France,2010,22.4
PRHSMFAH,Fair (not good, not bad) health,male,FRA,France,2011,21.2
PRHSMFAH,Fair (not good, not bad) health,male,FRA,France,2012,22.1
PRHSMFAH,Fair (not good, not bad) health,male,FRA,France,2013,22
PRHSMFAH,Fair (not good, not bad) health,male,FRA,France,2014,21.6
PRHSMFAH,Fair (not good, not bad) health,male,FRA,France,2015,22.7
PRHSFGHE,Good/very good health,female,FIN,Finland,2010,66.7
PRHSFGHE,Good/very good health,female,FIN,Finland,2011,67.4
PRHSFGHE,Good/very good health,female,FIN,Finland,2012,66
PRHSFGHE,Good/very good health,female,FIN,Finland,2013,63.9
PRHSFGHE,Good/very good health,female,FIN,Finland,2014,69.1
PRHSFGHE,Good/very good health,female,FIN,Finland,2015,69.3
PRHSFBAH,Bad/very bad health,female,GBR,United Kingdom,2010,5.7
PRHSFBAH,Bad/very bad health,female,GBR,United Kingdom,2011,5.9
PRHSFBAH,Bad/very bad health,female,GBR,United Kingdom,2012,8.7
PRHSFBAH,Bad/very bad health,female,GBR,United Kingdom,2013,8.1
PRHSFBAH,Bad/very bad health,female,GBR,United Kingdom,2014,8.8
PRHSFBAH,Bad/very bad health,female,GBR,United Kingdom,2015,8.8
PRHSTBAH,Bad/very bad health,total,GBR,United Kingdom,2010,5.8
PRHSTBAH,Bad/very bad health,total,GBR,United Kingdom,2011,5.7
PRHSTBAH,Bad/very bad health,total,GBR,United Kingdom,2012,8.2
PRHSTBAH,Bad/very bad health,total,GBR,United Kingdom,2013,8.4
PRHSTBAH,Bad/very bad health,total,GBR,United Kingdom,2014,9
PRHSTBAH,Bad/very bad health,total,GBR,United Kingdom,2015,8.7
PRHSMFAH,Fair (not good, not bad) health,male,NLD,Netherlands,2010,15.2
PRHSMFAH,Fair (not good, not bad) health,male,NLD,Netherlands,2011,15.5
PRHSMFAH,Fair (not good, not bad) health,male,NLD,Netherlands,2012,15.6
PRHSMFAH,Fair (not good, not bad) health,male,NLD,Netherlands,2013,15.8
PRHSMFAH,Fair (not good, not bad) health,male,NLD,Netherlands,2014,14.6
PRHSMFAH,Fair (not good, not bad) health,male,NLD,Netherlands,2015,15.3
PRHSFFAH,Fair (not good, not bad) health,female,LUX,Luxembourg,2010,17.7
PRHSFFAH,Fair (not good, not bad) health,female,LUX,Luxembourg,2011,21.2
PRHSFFAH,Fair (not good, not bad) health,female,LUX,Luxembourg,2012,19.2
PRHSFFAH,Fair (not good, not bad) health,female,LUX,Luxembourg,2013,20.6
PRHSFFAH,Fair (not good, not bad) health,female,LUX,Luxembourg,2014,20
PRHSFFAH,Fair (not good, not bad) health,female,LUX,Luxembourg,2015,21.9
PRHSTFAH,Fair (not good, not bad) health,total,NLD,Netherlands,2010,17
PRHSTFAH,Fair (not good, not bad) health,total,NLD,Netherlands,2011,17.9
PRHSTFAH,Fair (not good, not bad) health,total,NLD,Netherlands,2012,18.6
PRHSTFAH,Fair (not good, not bad) health,total,NLD,Netherlands,2013,19.1
PRHSTFAH,Fair (not good, not bad) health,total,NLD,Netherlands,2014,17.2
PRHSTFAH,Fair (not good, not bad) health,total,NLD,Netherlands,2015,18.5
PRHSTFAH,Fair (not good, not bad) health,total,GRC,Greece,2010,14.8
PRHSTFAH,Fair (not good, not bad) health,total,GRC,Greece,2011,14.6
PRHSTFAH,Fair (not good, not bad) health,total,GRC,Greece,2012,15.8
PRHSTFAH,Fair (not good, not bad) health,total,GRC,Greece,2013,15.6
PRHSTFAH,Fair (not good, not bad) health,total,GRC,Greece,2014,15.8
PRHSTFAH,Fair (not good, not bad) health,total,GRC,Greece,2015,15.6
PRHSFBAH,Bad/very bad health,female,IRL,Ireland,2010,3.6
PRHSFBAH,Bad/very bad health,female,IRL,Ireland,2011,2.9
PRHSFBAH,Bad/very bad health,female,IRL,Ireland,2012,2.8
PRHSFBAH,Bad/very bad health,female,IRL,Ireland,2013,4
PRHSFBAH,Bad/very bad health,female,IRL,Ireland,2014,4.3
PRHSFBAH,Bad/very bad health,female,IRL,Ireland,2015,3.8
PRHSTBAH,Bad/very bad health,total,IRL,Ireland,2010,3.2
PRHSTBAH,Bad/very bad health,total,IRL,Ireland,2011,2.9
PRHSTBAH,Bad/very bad health,total,IRL,Ireland,2012,3
PRHSTBAH,Bad/very bad health,total,IRL,Ireland,2013,3.7
PRHSTBAH,Bad/very bad health,total,IRL,Ireland,2014,4
PRHSTBAH,Bad/very bad health,total,IRL,Ireland,2015,3.9
PRHSFGHE,Good/very good health,female,SVN,Slovenia,2010,56.3
PRHSFGHE,Good/very good health,female,SVN,Slovenia,2011,57.6
PRHSFGHE,Good/very good health,female,SVN,Slovenia,2012,59.7
PRHSFGHE,Good/very good health,female,SVN,Slovenia,2013,61.8
PRHSFGHE,Good/very good health,female,SVN,Slovenia,2014,61.5
PRHSFGHE,Good/very good health,female,SVN,Slovenia,2015,61.6
PRHSFGHE,Good/very good health,female,PRT,Portugal,2010,44.1
PRHSFGHE,Good/very good health,female,PRT,Portugal,2011,44.5
PRHSFGHE,Good/very good health,female,PRT,Portugal,2012,42.7
PRHSFGHE,Good/very good health,female,PRT,Portugal,2013,41.4
PRHSFGHE,Good/very good health,female,PRT,Portugal,2014,41.9
PRHSFGHE,Good/very good health,female,PRT,Portugal,2015,41.8
PRHSTGHE,Good/very good health,total,PRT,Portugal,2010,49.2
PRHSTGHE,Good/very good health,total,PRT,Portugal,2011,49.7
PRHSTGHE,Good/very good health,total,PRT,Portugal,2012,48
PRHSTGHE,Good/very good health,total,PRT,Portugal,2013,46.1
PRHSTGHE,Good/very good health,total,PRT,Portugal,2014,45.9
PRHSTGHE,Good/very good health,total,PRT,Portugal,2015,46.4
PRHSMGHE,Good/very good health,male,SVN,Slovenia,2010,63.2
PRHSMGHE,Good/very good health,male,SVN,Slovenia,2011,63.4
PRHSMGHE,Good/very good health,male,SVN,Slovenia,2012,66.7
PRHSMGHE,Good/very good health,male,SVN,Slovenia,2013,67.8
PRHSMGHE,Good/very good health,male,SVN,Slovenia,2014,68.1
PRHSMGHE,Good/very good health,male,SVN,Slovenia,2015,68.1
PRHSMBAH,Bad/very bad health,male,IRL,Ireland,2010,2.8
PRHSMBAH,Bad/very bad health,male,IRL,Ireland,2011,2.8
PRHSMBAH,Bad/very bad health,male,IRL,Ireland,2012,3.2
PRHSMBAH,Bad/very bad health,male,IRL,Ireland,2013,3.4
PRHSMBAH,Bad/very bad health,male,IRL,Ireland,2014,3.7
PRHSMBAH,Bad/very bad health,male,IRL,Ireland,2015,4
PRHSMGHE,Good/very good health,male,PRT,Portugal,2010,54.7
PRHSMGHE,Good/very good health,male,PRT,Portugal,2011,55.4
PRHSMGHE,Good/very good health,male,PRT,Portugal,2012,54
PRHSMGHE,Good/very good health,male,PRT,Portugal,2013,51.4
PRHSMGHE,Good/very good health,male,PRT,Portugal,2014,50.4
PRHSMGHE,Good/very good health,male,PRT,Portugal,2015,51.5
PRHSFFAH,Fair (not good, not bad) health,female,SVK,Slovak Republic,2010,24.9
PRHSFFAH,Fair (not good, not bad) health,female,SVK,Slovak Republic,2011,25.2
PRHSFFAH,Fair (not good, not bad) health,female,SVK,Slovak Republic,2012,24.8
PRHSFFAH,Fair (not good, not bad) health,female,SVK,Slovak Republic,2013,25
PRHSFFAH,Fair (not good, not bad) health,female,SVK,Slovak Republic,2014,24.3
PRHSFFAH,Fair (not good, not bad) health,female,SVK,Slovak Republic,2015,23.7
PRHSMGHE,Good/very good health,male,ITA,Italy,2010,70.5
PRHSMGHE,Good/very good health,male,ITA,Italy,2011,67.8
PRHSMGHE,Good/very good health,male,ITA,Italy,2012,72.1
PRHSMGHE,Good/very good health,male,ITA,Italy,2013,70
PRHSMGHE,Good/very good health,male,ITA,Italy,2014,71.7
PRHSMGHE,Good/very good health,male,ITA,Italy,2015,68.9
PRHSTFAH,Fair (not good, not bad) health,total,SWE,Sweden,2010,15.4
PRHSTFAH,Fair (not good, not bad) health,total,SWE,Sweden,2011,15.4
PRHSTFAH,Fair (not good, not bad) health,total,SWE,Sweden,2012,14.8
PRHSTFAH,Fair (not good, not bad) health,total,SWE,Sweden,2013,14.8
PRHSTFAH,Fair (not good, not bad) health,total,SWE,Sweden,2014,15.9
PRHSTFAH,Fair (not good, not bad) health,total,SWE,Sweden,2015,16.5
PRHSTGHE,Good/very good health,total,SVN,Slovenia,2010,59.6
PRHSTGHE,Good/very good health,total,SVN,Slovenia,2011,60.4
PRHSTGHE,Good/very good health,total,SVN,Slovenia,2012,63.1
PRHSTGHE,Good/very good health,total,SVN,Slovenia,2013,64.8
PRHSTGHE,Good/very good health,total,SVN,Slovenia,2014,64.8
PRHSTGHE,Good/very good health,total,SVN,Slovenia,2015,64.8
PRHSTFAH,Fair (not good, not bad) health,total,BEL,Belgium,2010,17.9
PRHSTFAH,Fair (not good, not bad) health,total,BEL,Belgium,2011,16.9
PRHSTFAH,Fair (not good, not bad) health,total,BEL,Belgium,2012,16.7
PRHSTFAH,Fair (not good, not bad) health,total,BEL,Belgium,2013,17.1
PRHSTFAH,Fair (not good, not bad) health,total,BEL,Belgium,2014,15.8
PRHSTFAH,Fair (not good, not bad) health,total,BEL,Belgium,2015,16
PRHSFGHE,Good/very good health,female,ITA,Italy,2010,63.2
PRHSFGHE,Good/very good health,female,ITA,Italy,2011,61.6
PRHSFGHE,Good/very good health,female,ITA,Italy,2012,65
PRHSFGHE,Good/very good health,female,ITA,Italy,2013,62.4
PRHSFGHE,Good/very good health,female,ITA,Italy,2014,64.5
PRHSFGHE,Good/very good health,female,ITA,Italy,2015,62.6
PRHSMFAH,Fair (not good, not bad) health,male,SWE,Sweden,2010,14.2
PRHSMFAH,Fair (not good, not bad) health,male,SWE,Sweden,2011,14.3
PRHSMFAH,Fair (not good, not bad) health,male,SWE,Sweden,2012,13.2
PRHSMFAH,Fair (not good, not bad) health,male,SWE,Sweden,2013,13.2
PRHSMFAH,Fair (not good, not bad) health,male,SWE,Sweden,2014,14.2
PRHSMFAH,Fair (not good, not bad) health,male,SWE,Sweden,2015,15
PRHSMBAH,Bad/very bad health,male,DNK,Denmark,2010,6.8
PRHSMBAH,Bad/very bad health,male,DNK,Denmark,2011,6.8
PRHSMBAH,Bad/very bad health,male,DNK,Denmark,2012,7
PRHSMBAH,Bad/very bad health,male,DNK,Denmark,2013,6.3
PRHSMBAH,Bad/very bad health,male,DNK,Denmark,2014,6.5
PRHSMBAH,Bad/very bad health,male,DNK,Denmark,2015,6.3
PRHSTGHE,Good/very good health,total,ESP,Spain,2010,71.8
PRHSTGHE,Good/very good health,total,ESP,Spain,2011,75.3
PRHSTGHE,Good/very good health,total,ESP,Spain,2012,74.3
PRHSTGHE,Good/very good health,total,ESP,Spain,2013,71.6
PRHSTGHE,Good/very good health,total,ESP,Spain,2014,72.6
PRHSTGHE,Good/very good health,total,ESP,Spain,2015,72.4
PRHSFFAH,Fair (not good, not bad) health,female,SWE,Sweden,2010,16.5
PRHSFFAH,Fair (not good, not bad) health,female,SWE,Sweden,2011,16.6
PRHSFFAH,Fair (not good, not bad) health,female,SWE,Sweden,2012,16.4
PRHSFFAH,Fair (not good, not bad) health,female,SWE,Sweden,2013,16.4
PRHSFFAH,Fair (not good, not bad) health,female,SWE,Sweden,2014,17.6
PRHSFFAH,Fair (not good, not bad) health,female,SWE,Sweden,2015,18
PRHSTFAH,Fair (not good, not bad) health,total,TUR,Turkey,2010,20.3
PRHSTFAH,Fair (not good, not bad) health,total,TUR,Turkey,2011,20.1
PRHSTFAH,Fair (not good, not bad) health,total,TUR,Turkey,2012,19.3
PRHSTFAH,Fair (not good, not bad) health,total,TUR,Turkey,2013,20.5
PRHSTFAH,Fair (not good, not bad) health,total,TUR,Turkey,2014,20.1
PRHSTFAH,Fair (not good, not bad) health,total,TUR,Turkey,2015,21.6
PRHSFGHE,Good/very good health,female,NOR,Norway,2010,74.3
PRHSFGHE,Good/very good health,female,NOR,Norway,2011,70.8
PRHSFGHE,Good/very good health,female,NOR,Norway,2012,77.6
PRHSFGHE,Good/very good health,female,NOR,Norway,2013,74.7
PRHSFGHE,Good/very good health,female,NOR,Norway,2014,77
PRHSFGHE,Good/very good health,female,NOR,Norway,2015,76.5
PRHSTBAH,Bad/very bad health,total,DNK,Denmark,2010,7.9
PRHSTBAH,Bad/very bad health,total,DNK,Denmark,2011,8.2
PRHSTBAH,Bad/very bad health,total,DNK,Denmark,2012,7.7
PRHSTBAH,Bad/very bad health,total,DNK,Denmark,2013,7.5
PRHSTBAH,Bad/very bad health,total,DNK,Denmark,2014,7.4
PRHSTBAH,Bad/very bad health,total,DNK,Denmark,2015,7.6
PRHSMGHE,Good/very good health,male,ESP,Spain,2010,75.4
PRHSMGHE,Good/very good health,male,ESP,Spain,2011,78.6
PRHSMGHE,Good/very good health,male,ESP,Spain,2012,77.2
PRHSMGHE,Good/very good health,male,ESP,Spain,2013,75.2
PRHSMGHE,Good/very good health,male,ESP,Spain,2014,76.3
PRHSMGHE,Good/very good health,male,ESP,Spain,2015,75.3
PRHSMFAH,Fair (not good, not bad) health,male,TUR,Turkey,2010,17.8
PRHSMFAH,Fair (not good, not bad) health,male,TUR,Turkey,2011,17.9
PRHSMFAH,Fair (not good, not bad) health,male,TUR,Turkey,2012,16.9
PRHSMFAH,Fair (not good, not bad) health,male,TUR,Turkey,2013,18
PRHSMFAH,Fair (not good, not bad) health,male,TUR,Turkey,2014,17.6
PRHSMFAH,Fair (not good, not bad) health,male,TUR,Turkey,2015,19.3
PRHSMFAH,Fair (not good, not bad) health,male,BEL,Belgium,2010,16.9
PRHSMFAH,Fair (not good, not bad) health,male,BEL,Belgium,2011,16
PRHSMFAH,Fair (not good, not bad) health,male,BEL,Belgium,2012,15.4
PRHSMFAH,Fair (not good, not bad) health,male,BEL,Belgium,2013,15.8
PRHSMFAH,Fair (not good, not bad) health,male,BEL,Belgium,2014,14.7
PRHSMFAH,Fair (not good, not bad) health,male,BEL,Belgium,2015,14.6
PRHSFGHE,Good/very good health,female,ISL,Iceland,2010,76.2
PRHSFGHE,Good/very good health,female,ISL,Iceland,2011,76.1
PRHSFGHE,Good/very good health,female,ISL,Iceland,2012,74.7
PRHSFGHE,Good/very good health,female,ISL,Iceland,2013,74
PRHSFGHE,Good/very good health,female,ISL,Iceland,2014,73
PRHSFGHE,Good/very good health,female,ISL,Iceland,2015,72.6
PRHSMBAH,Bad/very bad health,male,EST,Estonia,2010,12.7
PRHSMBAH,Bad/very bad health,male,EST,Estonia,2011,14.4
PRHSMBAH,Bad/very bad health,male,EST,Estonia,2012,14.1
PRHSMBAH,Bad/very bad health,male,EST,Estonia,2013,13.7
PRHSMBAH,Bad/very bad health,male,EST,Estonia,2014,15.6
PRHSMBAH,Bad/very bad health,male,EST,Estonia,2015,13.7
PRHSFBAH,Bad/very bad health,female,EST,Estonia,2010,16.3
PRHSFBAH,Bad/very bad health,female,EST,Estonia,2011,17.5
PRHSFBAH,Bad/very bad health,female,EST,Estonia,2012,17.7
PRHSFBAH,Bad/very bad health,female,EST,Estonia,2013,17
PRHSFBAH,Bad/very bad health,female,EST,Estonia,2014,17.2
PRHSFBAH,Bad/very bad health,female,EST,Estonia,2015,17.1
PRHSFBAH,Bad/very bad health,female,HUN,Hungary,2010,18.7
PRHSFBAH,Bad/very bad health,female,HUN,Hungary,2011,18.6
PRHSFBAH,Bad/very bad health,female,HUN,Hungary,2012,18.2
PRHSFBAH,Bad/very bad health,female,HUN,Hungary,2013,17.7
PRHSFBAH,Bad/very bad health,female,HUN,Hungary,2014,18.3
PRHSFBAH,Bad/very bad health,female,HUN,Hungary,2015,17.7
PRHSTBAH,Bad/very bad health,total,EST,Estonia,2010,14.9
PRHSTBAH,Bad/very bad health,total,EST,Estonia,2011,16.3
PRHSTBAH,Bad/very bad health,total,EST,Estonia,2012,16.3
PRHSTBAH,Bad/very bad health,total,EST,Estonia,2013,15.6
PRHSTBAH,Bad/very bad health,total,EST,Estonia,2014,16.5
PRHSTBAH,Bad/very bad health,total,EST,Estonia,2015,15.7
PRHSMBAH,Bad/very bad health,male,HUN,Hungary,2010,14.3
PRHSMBAH,Bad/very bad health,male,HUN,Hungary,2011,13.5
PRHSMBAH,Bad/very bad health,male,HUN,Hungary,2012,13.6
PRHSMBAH,Bad/very bad health,male,HUN,Hungary,2013,13.4
PRHSMBAH,Bad/very bad health,male,HUN,Hungary,2014,13.1
PRHSMBAH,Bad/very bad health,male,HUN,Hungary,2015,13.7
PRHSFBAH,Bad/very bad health,female,AUT,Austria,2010,10.3
PRHSFBAH,Bad/very bad health,female,AUT,Austria,2011,10.2
PRHSFBAH,Bad/very bad health,female,AUT,Austria,2012,9.6
PRHSFBAH,Bad/very bad health,female,AUT,Austria,2013,9.8
PRHSFBAH,Bad/very bad health,female,AUT,Austria,2014,10
PRHSFBAH,Bad/very bad health,female,AUT,Austria,2015,9.3
PRHSMFAH,Fair (not good, not bad) health,male,SVK,Slovak Republic,2010,20.2
PRHSMFAH,Fair (not good, not bad) health,male,SVK,Slovak Republic,2011,21.2
PRHSMFAH,Fair (not good, not bad) health,male,SVK,Slovak Republic,2012,18.4
PRHSMFAH,Fair (not good, not bad) health,male,SVK,Slovak Republic,2013,19.1
PRHSMFAH,Fair (not good, not bad) health,male,SVK,Slovak Republic,2014,20.8
PRHSMFAH,Fair (not good, not bad) health,male,SVK,Slovak Republic,2015,19.9
PRHSMGHE,Good/very good health,male,CHE,Switzerland,2010,84.2
PRHSMGHE,Good/very good health,male,CHE,Switzerland,2011,84
PRHSMGHE,Good/very good health,male,CHE,Switzerland,2012,84
PRHSMGHE,Good/very good health,male,CHE,Switzerland,2013,83.1
PRHSMGHE,Good/very good health,male,CHE,Switzerland,2014,81.6
PRHSFGHE,Good/very good health,female,CHE,Switzerland,2010,78.9
PRHSFGHE,Good/very good health,female,CHE,Switzerland,2011,78.6
PRHSFGHE,Good/very good health,female,CHE,Switzerland,2012,79.9
PRHSFGHE,Good/very good health,female,CHE,Switzerland,2013,78.4
PRHSFGHE,Good/very good health,female,CHE,Switzerland,2014,77.1
PRHSTGHE,Good/very good health,total,CHE,Switzerland,2010,81.5
PRHSTGHE,Good/very good health,total,CHE,Switzerland,2011,81.2
PRHSTGHE,Good/very good health,total,CHE,Switzerland,2012,81.9
PRHSTGHE,Good/very good health,total,CHE,Switzerland,2013,80.7
PRHSTGHE,Good/very good health,total,CHE,Switzerland,2014,79.3
PRHSTBAH,Bad/very bad health,total,LUX,Luxembourg,2010,8
PRHSTBAH,Bad/very bad health,total,LUX,Luxembourg,2011,7.9
PRHSTBAH,Bad/very bad health,total,LUX,Luxembourg,2012,7.4
PRHSTBAH,Bad/very bad health,total,LUX,Luxembourg,2013,8.3
PRHSTBAH,Bad/very bad health,total,LUX,Luxembourg,2014,8.3
PRHSTBAH,Bad/very bad health,total,LUX,Luxembourg,2015,8.7
PRHSTFAH,Fair (not good, not bad) health,total,CZE,Czech Republic,2010,25.6
PRHSTFAH,Fair (not good, not bad) health,total,CZE,Czech Republic,2011,28
PRHSTFAH,Fair (not good, not bad) health,total,CZE,Czech Republic,2012,26.8
PRHSTFAH,Fair (not good, not bad) health,total,CZE,Czech Republic,2013,27.6
PRHSTFAH,Fair (not good, not bad) health,total,CZE,Czech Republic,2014,27.7
PRHSTFAH,Fair (not good, not bad) health,total,CZE,Czech Republic,2015,27.7
PRHSFGHE,Good/very good health,female,GRC,Greece,2010,73.3
PRHSFGHE,Good/very good health,female,GRC,Greece,2011,74.1
PRHSFGHE,Good/very good health,female,GRC,Greece,2012,72.1
PRHSFGHE,Good/very good health,female,GRC,Greece,2013,71.1
PRHSFGHE,Good/very good health,female,GRC,Greece,2014,71
PRHSFGHE,Good/very good health,female,GRC,Greece,2015,71.8
PRHSTGHE,Good/very good health,total,GRC,Greece,2010,75.5
PRHSTGHE,Good/very good health,total,GRC,Greece,2011,76.4
PRHSTGHE,Good/very good health,total,GRC,Greece,2012,74.9
PRHSTGHE,Good/very good health,total,GRC,Greece,2013,73.9
PRHSTGHE,Good/very good health,total,GRC,Greece,2014,73.5
PRHSTGHE,Good/very good health,total,GRC,Greece,2015,74.4
PRHSFGHE,Good/very good health,female,FRA,France,2010,64.9
PRHSFGHE,Good/very good health,female,FRA,France,2011,64.4
PRHSFGHE,Good/very good health,female,FRA,France,2012,65.9
PRHSFGHE,Good/very good health,female,FRA,France,2013,64.3
PRHSFGHE,Good/very good health,female,FRA,France,2014,65.5
PRHSFGHE,Good/very good health,female,FRA,France,2015,65.6
PRHSMFAH,Fair (not good, not bad) health,male,CZE,Czech Republic,2010,23.8
PRHSMFAH,Fair (not good, not bad) health,male,CZE,Czech Republic,2011,26.2
PRHSMFAH,Fair (not good, not bad) health,male,CZE,Czech Republic,2012,25.4
PRHSMFAH,Fair (not good, not bad) health,male,CZE,Czech Republic,2013,26
PRHSMFAH,Fair (not good, not bad) health,male,CZE,Czech Republic,2014,26.2
PRHSMFAH,Fair (not good, not bad) health,male,CZE,Czech Republic,2015,26.4
PRHSMBAH,Bad/very bad health,male,LUX,Luxembourg,2010,7.5
PRHSMBAH,Bad/very bad health,male,LUX,Luxembourg,2011,7.1
PRHSMBAH,Bad/very bad health,male,LUX,Luxembourg,2012,6.4
PRHSMBAH,Bad/very bad health,male,LUX,Luxembourg,2013,7.1
PRHSMBAH,Bad/very bad health,male,LUX,Luxembourg,2014,7.6
PRHSMBAH,Bad/very bad health,male,LUX,Luxembourg,2015,7.8
PRHSTFAH,Fair (not good, not bad) health,total,SVK,Slovak Republic,2010,22.6
PRHSTFAH,Fair (not good, not bad) health,total,SVK,Slovak Republic,2011,23.3
PRHSTFAH,Fair (not good, not bad) health,total,SVK,Slovak Republic,2012,21.7
PRHSTFAH,Fair (not good, not bad) health,total,SVK,Slovak Republic,2013,22.2
PRHSTFAH,Fair (not good, not bad) health,total,SVK,Slovak Republic,2014,22.6
PRHSTFAH,Fair (not good, not bad) health,total,SVK,Slovak Republic,2015,21.8
PRHSMGHE,Good/very good health,male,GRC,Greece,2010,77.8
PRHSMGHE,Good/very good health,male,GRC,Greece,2011,78.8
PRHSMGHE,Good/very good health,male,GRC,Greece,2012,77.8
PRHSMGHE,Good/very good health,male,GRC,Greece,2013,76.9
PRHSMGHE,Good/very good health,male,GRC,Greece,2014,76.1
PRHSMGHE,Good/very good health,male,GRC,Greece,2015,77.2
PRHSFBAH,Bad/very bad health,female,LUX,Luxembourg,2010,8.5
PRHSFBAH,Bad/very bad health,female,LUX,Luxembourg,2011,8.7
PRHSFBAH,Bad/very bad health,female,LUX,Luxembourg,2012,8.3
PRHSFBAH,Bad/very bad health,female,LUX,Luxembourg,2013,9.5
PRHSFBAH,Bad/very bad health,female,LUX,Luxembourg,2014,9
PRHSFBAH,Bad/very bad health,female,LUX,Luxembourg,2015,9.6
PRHSFFAH,Fair (not good, not bad) health,female,CZE,Czech Republic,2010,27
PRHSFFAH,Fair (not good, not bad) health,female,CZE,Czech Republic,2011,29.4
PRHSFFAH,Fair (not good, not bad) health,female,CZE,Czech Republic,2012,27.8
PRHSFFAH,Fair (not good, not bad) health,female,CZE,Czech Republic,2013,28.8
PRHSFFAH,Fair (not good, not bad) health,female,CZE,Czech Republic,2014,28.9
PRHSFFAH,Fair (not good, not bad) health,female,CZE,Czech Republic,2015,28.6
PRHSTGHE,Good/very good health,total,ISL,Iceland,2010,77.8
PRHSTGHE,Good/very good health,total,ISL,Iceland,2011,77.6
PRHSTGHE,Good/very good health,total,ISL,Iceland,2012,76.8
PRHSTGHE,Good/very good health,total,ISL,Iceland,2013,76.6
PRHSTGHE,Good/very good health,total,ISL,Iceland,2014,76.1
PRHSTGHE,Good/very good health,total,ISL,Iceland,2015,76.3
PRHSFGHE,Good/very good health,female,ESP,Spain,2010,68.4
PRHSFGHE,Good/very good health,female,ESP,Spain,2011,72.2
PRHSFGHE,Good/very good health,female,ESP,Spain,2012,71.5
PRHSFGHE,Good/very good health,female,ESP,Spain,2013,68.2
PRHSFGHE,Good/very good health,female,ESP,Spain,2014,69.2
PRHSFGHE,Good/very good health,female,ESP,Spain,2015,69.6
PRHSMFAH,Fair (not good, not bad) health,male,POL,Poland,2010,25
PRHSMFAH,Fair (not good, not bad) health,male,POL,Poland,2011,25.7
PRHSMFAH,Fair (not good, not bad) health,male,POL,Poland,2012,25.2
PRHSMFAH,Fair (not good, not bad) health,male,POL,Poland,2013,24.5
PRHSMFAH,Fair (not good, not bad) health,male,POL,Poland,2014,26
PRHSMFAH,Fair (not good, not bad) health,male,POL,Poland,2015,25.4
PRHSFFAH,Fair (not good, not bad) health,female,BEL,Belgium,2010,18.9
PRHSFFAH,Fair (not good, not bad) health,female,BEL,Belgium,2011,17.8
PRHSFFAH,Fair (not good, not bad) health,female,BEL,Belgium,2012,17.9
PRHSFFAH,Fair (not good, not bad) health,female,BEL,Belgium,2013,18.4
PRHSFFAH,Fair (not good, not bad) health,female,BEL,Belgium,2014,16.8
PRHSFFAH,Fair (not good, not bad) health,female,BEL,Belgium,2015,17.3
PRHSMGHE,Good/very good health,male,ISL,Iceland,2010,79.4
PRHSMGHE,Good/very good health,male,ISL,Iceland,2011,79.2
PRHSMGHE,Good/very good health,male,ISL,Iceland,2012,79
PRHSMGHE,Good/very good health,male,ISL,Iceland,2013,79.2
PRHSMGHE,Good/very good health,male,ISL,Iceland,2014,79.4
PRHSMGHE,Good/very good health,male,ISL,Iceland,2015,80.1
PRHSMBAH,Bad/very bad health,male,NLD,Netherlands,2010,4.6
PRHSMBAH,Bad/very bad health,male,NLD,Netherlands,2011,5
PRHSMBAH,Bad/very bad health,male,NLD,Netherlands,2012,5.1
PRHSMBAH,Bad/very bad health,male,NLD,Netherlands,2013,4.5
PRHSMBAH,Bad/very bad health,male,NLD,Netherlands,2014,4.9
PRHSMBAH,Bad/very bad health,male,NLD,Netherlands,2015,4.6
PRHSTGHE,Good/very good health,total,ITA,Italy,2010,66.7
PRHSTGHE,Good/very good health,total,ITA,Italy,2011,64.6
PRHSTGHE,Good/very good health,total,ITA,Italy,2012,68.4
PRHSTGHE,Good/very good health,total,ITA,Italy,2013,66.1
PRHSTGHE,Good/very good health,total,ITA,Italy,2014,67.9
PRHSTGHE,Good/very good health,total,ITA,Italy,2015,65.6
PRHSFFAH,Fair (not good, not bad) health,female,POL,Poland,2010,28.4
PRHSFFAH,Fair (not good, not bad) health,female,POL,Poland,2011,29.1
PRHSFFAH,Fair (not good, not bad) health,female,POL,Poland,2012,29.7
PRHSFFAH,Fair (not good, not bad) health,female,POL,Poland,2013,29.9
PRHSFFAH,Fair (not good, not bad) health,female,POL,Poland,2014,29.9
PRHSFFAH,Fair (not good, not bad) health,female,POL,Poland,2015,30.1
PRHSTBAH,Bad/very bad health,total,NLD,Netherlands,2010,5
PRHSTBAH,Bad/very bad health,total,NLD,Netherlands,2011,5.7
PRHSTBAH,Bad/very bad health,total,NLD,Netherlands,2012,5.8
PRHSTBAH,Bad/very bad health,total,NLD,Netherlands,2013,5.3
PRHSTBAH,Bad/very bad health,total,NLD,Netherlands,2014,5.4
PRHSTBAH,Bad/very bad health,total,NLD,Netherlands,2015,5.2
PRHSTFAH,Fair (not good, not bad) health,total,FIN,Finland,2010,24.5
PRHSTFAH,Fair (not good, not bad) health,total,FIN,Finland,2011,23.7
PRHSTFAH,Fair (not good, not bad) health,total,FIN,Finland,2012,26.1
PRHSTFAH,Fair (not good, not bad) health,total,FIN,Finland,2013,28.7
PRHSTFAH,Fair (not good, not bad) health,total,FIN,Finland,2014,24.4
PRHSTFAH,Fair (not good, not bad) health,total,FIN,Finland,2015,24.4
PRHSMGHE,Good/very good health,male,GBR,United Kingdom,2010,80.1
PRHSMGHE,Good/very good health,male,GBR,United Kingdom,2011,78.6
PRHSMGHE,Good/very good health,male,GBR,United Kingdom,2012,76.4
PRHSMGHE,Good/very good health,male,GBR,United Kingdom,2013,73.5
PRHSMGHE,Good/very good health,male,GBR,United Kingdom,2014,70.4
PRHSMGHE,Good/very good health,male,GBR,United Kingdom,2015,69.8
PRHSMBAH,Bad/very bad health,male,AUT,Austria,2010,8
PRHSMBAH,Bad/very bad health,male,AUT,Austria,2011,8
PRHSMBAH,Bad/very bad health,male,AUT,Austria,2012,8.4
PRHSMBAH,Bad/very bad health,male,AUT,Austria,2013,8.3
PRHSMBAH,Bad/very bad health,male,AUT,Austria,2014,7.7
PRHSMBAH,Bad/very bad health,male,AUT,Austria,2015,8.2
PRHSMFAH,Fair (not good, not bad) health,male,FIN,Finland,2010,23.1
PRHSMFAH,Fair (not good, not bad) health,male,FIN,Finland,2011,22.6
PRHSMFAH,Fair (not good, not bad) health,male,FIN,Finland,2012,25.4
PRHSMFAH,Fair (not good, not bad) health,male,FIN,Finland,2013,28.5
PRHSMFAH,Fair (not good, not bad) health,male,FIN,Finland,2014,24.6
PRHSMFAH,Fair (not good, not bad) health,male,FIN,Finland,2015,24.1
PRHSTFAH,Fair (not good, not bad) health,total,POL,Poland,2010,26.8
PRHSTFAH,Fair (not good, not bad) health,total,POL,Poland,2011,27.5
PRHSTFAH,Fair (not good, not bad) health,total,POL,Poland,2012,27.6
PRHSTFAH,Fair (not good, not bad) health,total,POL,Poland,2013,27.4
PRHSTFAH,Fair (not good, not bad) health,total,POL,Poland,2014,28.1
PRHSTFAH,Fair (not good, not bad) health,total,POL,Poland,2015,27.9
PRHSTGHE,Good/very good health,total,GBR,United Kingdom,2010,79.4
PRHSTGHE,Good/very good health,total,GBR,United Kingdom,2011,77.5
PRHSTGHE,Good/very good health,total,GBR,United Kingdom,2012,74.7
PRHSTGHE,Good/very good health,total,GBR,United Kingdom,2013,73.7
PRHSTGHE,Good/very good health,total,GBR,United Kingdom,2014,70
PRHSTGHE,Good/very good health,total,GBR,United Kingdom,2015,69.8
PRHSTBAH,Bad/very bad health,total,AUT,Austria,2010,9.2
PRHSTBAH,Bad/very bad health,total,AUT,Austria,2011,9.1
PRHSTBAH,Bad/very bad health,total,AUT,Austria,2012,9
PRHSTBAH,Bad/very bad health,total,AUT,Austria,2013,9.1
PRHSTBAH,Bad/very bad health,total,AUT,Austria,2014,8.9
PRHSTBAH,Bad/very bad health,total,AUT,Austria,2015,8.8
PRHSTFAH,Fair (not good, not bad) health,total,EST,Estonia,2010,32.4
PRHSTFAH,Fair (not good, not bad) health,total,EST,Estonia,2011,32
PRHSTFAH,Fair (not good, not bad) health,total,EST,Estonia,2012,31.4
PRHSTFAH,Fair (not good, not bad) health,total,EST,Estonia,2013,30.9
PRHSTFAH,Fair (not good, not bad) health,total,EST,Estonia,2014,31.7
PRHSTFAH,Fair (not good, not bad) health,total,EST,Estonia,2015,32.8
PRHSMBAH,Bad/very bad health,male,ITA,Italy,2010,7.6
PRHSMBAH,Bad/very bad health,male,ITA,Italy,2011,10.9
PRHSMBAH,Bad/very bad health,male,ITA,Italy,2012,10.4
PRHSMBAH,Bad/very bad health,male,ITA,Italy,2013,10.8
PRHSMBAH,Bad/very bad health,male,ITA,Italy,2014,10.3
PRHSMBAH,Bad/very bad health,male,ITA,Italy,2015,10.5
PRHSTFAH,Fair (not good, not bad) health,total,AUT,Austria,2010,21.2
PRHSTFAH,Fair (not good, not bad) health,total,AUT,Austria,2011,21.5
PRHSTFAH,Fair (not good, not bad) health,total,AUT,Austria,2012,21
PRHSTFAH,Fair (not good, not bad) health,total,AUT,Austria,2013,22.4
PRHSTFAH,Fair (not good, not bad) health,total,AUT,Austria,2014,21.6
PRHSTFAH,Fair (not good, not bad) health,total,AUT,Austria,2015,21.4
PRHSMBAH,Bad/very bad health,male,BEL,Belgium,2010,7.8
PRHSMBAH,Bad/very bad health,male,BEL,Belgium,2011,8.5
PRHSMBAH,Bad/very bad health,male,BEL,Belgium,2012,7.7
PRHSMBAH,Bad/very bad health,male,BEL,Belgium,2013,7.3
PRHSMBAH,Bad/very bad health,male,BEL,Belgium,2014,8
PRHSMBAH,Bad/very bad health,male,BEL,Belgium,2015,7.5
PRHSTBAH,Bad/very bad health,total,ITA,Italy,2010,9.5
PRHSTBAH,Bad/very bad health,total,ITA,Italy,2011,13.2
PRHSTBAH,Bad/very bad health,total,ITA,Italy,2012,12.4
PRHSTBAH,Bad/very bad health,total,ITA,Italy,2013,12.7
PRHSTBAH,Bad/very bad health,total,ITA,Italy,2014,12
PRHSTBAH,Bad/very bad health,total,ITA,Italy,2015,12.4
PRHSFBAH,Bad/very bad health,female,BEL,Belgium,2010,10.3
PRHSFBAH,Bad/very bad health,female,BEL,Belgium,2011,10.6
PRHSFBAH,Bad/very bad health,female,BEL,Belgium,2012,9.9
PRHSFBAH,Bad/very bad health,female,BEL,Belgium,2013,9.8
PRHSFBAH,Bad/very bad health,female,BEL,Belgium,2014,10.4
PRHSFBAH,Bad/very bad health,female,BEL,Belgium,2015,11.3
PRHSMGHE,Good/very good health,male,FRA,France,2010,69.8
PRHSMGHE,Good/very good health,male,FRA,France,2011,71
PRHSMGHE,Good/very good health,male,FRA,France,2012,70.4
PRHSMGHE,Good/very good health,male,FRA,France,2013,70.3
PRHSMGHE,Good/very good health,male,FRA,France,2014,70.9
PRHSMGHE,Good/very good health,male,FRA,France,2015,70.2
PRHSFFAH,Fair (not good, not bad) health,female,DEU,Germany,2010,27.6
PRHSFFAH,Fair (not good, not bad) health,female,DEU,Germany,2011,28.6
PRHSFFAH,Fair (not good, not bad) health,female,DEU,Germany,2012,27
PRHSFFAH,Fair (not good, not bad) health,female,DEU,Germany,2013,28.4
PRHSFFAH,Fair (not good, not bad) health,female,DEU,Germany,2014,28.3
PRHSFFAH,Fair (not good, not bad) health,female,DEU,Germany,2015,28.7
PRHSTBAH,Bad/very bad health,total,NOR,Norway,2010,7.8
PRHSTBAH,Bad/very bad health,total,NOR,Norway,2011,8.5
PRHSTBAH,Bad/very bad health,total,NOR,Norway,2012,6.3
PRHSTBAH,Bad/very bad health,total,NOR,Norway,2013,7.9
PRHSTBAH,Bad/very bad health,total,NOR,Norway,2014,6.9
PRHSTBAH,Bad/very bad health,total,NOR,Norway,2015,6.4
PRHSTFAH,Fair (not good, not bad) health,total,DEU,Germany,2010,26.7
PRHSTFAH,Fair (not good, not bad) health,total,DEU,Germany,2011,27
PRHSTFAH,Fair (not good, not bad) health,total,DEU,Germany,2012,26
PRHSTFAH,Fair (not good, not bad) health,total,DEU,Germany,2013,27
PRHSTFAH,Fair (not good, not bad) health,total,DEU,Germany,2014,26.8
PRHSTFAH,Fair (not good, not bad) health,total,DEU,Germany,2015,27.1
PRHSFGHE,Good/very good health,female,POL,Poland,2010,54.7
PRHSFGHE,Good/very good health,female,POL,Poland,2011,54.7
PRHSFGHE,Good/very good health,female,POL,Poland,2012,54.3
PRHSFGHE,Good/very good health,female,POL,Poland,2013,54.8
PRHSFGHE,Good/very good health,female,POL,Poland,2014,55.1
PRHSFGHE,Good/very good health,female,POL,Poland,2015,54.6
PRHSFFAH,Fair (not good, not bad) health,female,AUT,Austria,2010,22.5
PRHSFFAH,Fair (not good, not bad) health,female,AUT,Austria,2011,22.2
PRHSFFAH,Fair (not good, not bad) health,female,AUT,Austria,2012,22
PRHSFFAH,Fair (not good, not bad) health,female,AUT,Austria,2013,23.5
PRHSFFAH,Fair (not good, not bad) health,female,AUT,Austria,2014,22.8
PRHSFFAH,Fair (not good, not bad) health,female,AUT,Austria,2015,22.8
PRHSFBAH,Bad/very bad health,female,NOR,Norway,2010,8.4
PRHSFBAH,Bad/very bad health,female,NOR,Norway,2011,10
PRHSFBAH,Bad/very bad health,female,NOR,Norway,2012,6.8
PRHSFBAH,Bad/very bad health,female,NOR,Norway,2013,9.3
PRHSFBAH,Bad/very bad health,female,NOR,Norway,2014,7.9
PRHSFBAH,Bad/very bad health,female,NOR,Norway,2015,7.9
PRHSTBAH,Bad/very bad health,total,FIN,Finland,2010,7.2
PRHSTBAH,Bad/very bad health,total,FIN,Finland,2011,7.5
PRHSTBAH,Bad/very bad health,total,FIN,Finland,2012,6.8
PRHSTBAH,Bad/very bad health,total,FIN,Finland,2013,6.7
PRHSTBAH,Bad/very bad health,total,FIN,Finland,2014,6.4
PRHSTBAH,Bad/very bad health,total,FIN,Finland,2015,5.8
PRHSMFAH,Fair (not good, not bad) health,male,DEU,Germany,2010,25.6
PRHSMFAH,Fair (not good, not bad) health,male,DEU,Germany,2011,25.5
PRHSMFAH,Fair (not good, not bad) health,male,DEU,Germany,2012,25.1
PRHSMFAH,Fair (not good, not bad) health,male,DEU,Germany,2013,25.6
PRHSMFAH,Fair (not good, not bad) health,male,DEU,Germany,2014,25.3
PRHSMFAH,Fair (not good, not bad) health,male,DEU,Germany,2015,25.5
PRHSTGHE,Good/very good health,total,FRA,France,2010,67.3
PRHSTGHE,Good/very good health,total,FRA,France,2011,67.6
PRHSTGHE,Good/very good health,total,FRA,France,2012,68.1
PRHSTGHE,Good/very good health,total,FRA,France,2013,67.2
PRHSTGHE,Good/very good health,total,FRA,France,2014,68.1
PRHSTGHE,Good/very good health,total,FRA,France,2015,67.8
PRHSMFAH,Fair (not good, not bad) health,male,AUT,Austria,2010,19.9
PRHSMFAH,Fair (not good, not bad) health,male,AUT,Austria,2011,20.7
PRHSMFAH,Fair (not good, not bad) health,male,AUT,Austria,2012,19.9
PRHSMFAH,Fair (not good, not bad) health,male,AUT,Austria,2013,21.2
PRHSMFAH,Fair (not good, not bad) health,male,AUT,Austria,2014,20.4
PRHSMFAH,Fair (not good, not bad) health,male,AUT,Austria,2015,19.9
PRHSMGHE,Good/very good health,male,POL,Poland,2010,61.4
PRHSMGHE,Good/very good health,male,POL,Poland,2011,60.9
PRHSMGHE,Good/very good health,male,POL,Poland,2012,61.6
PRHSMGHE,Good/very good health,male,POL,Poland,2013,62.3
PRHSMGHE,Good/very good health,male,POL,Poland,2014,61.6
PRHSMGHE,Good/very good health,male,POL,Poland,2015,61.5
PRHSMBAH,Bad/very bad health,male,NOR,Norway,2010,7.2
PRHSMBAH,Bad/very bad health,male,NOR,Norway,2011,7.2
PRHSMBAH,Bad/very bad health,male,NOR,Norway,2012,5.8
PRHSMBAH,Bad/very bad health,male,NOR,Norway,2013,6.7
PRHSMBAH,Bad/very bad health,male,NOR,Norway,2014,5.9
PRHSMBAH,Bad/very bad health,male,NOR,Norway,2015,4.9
PRHSFBAH,Bad/very bad health,female,GRC,Greece,2010,10.3
PRHSFBAH,Bad/very bad health,female,GRC,Greece,2011,9.9
PRHSFBAH,Bad/very bad health,female,GRC,Greece,2012,10.6
PRHSFBAH,Bad/very bad health,female,GRC,Greece,2013,11.8
PRHSFBAH,Bad/very bad health,female,GRC,Greece,2014,11.8
PRHSFBAH,Bad/very bad health,female,GRC,Greece,2015,10.9
PRHSMFAH,Fair (not good, not bad) health,male,CHE,Switzerland,2010,12.7
PRHSMFAH,Fair (not good, not bad) health,male,CHE,Switzerland,2011,12.8
PRHSMFAH,Fair (not good, not bad) health,male,CHE,Switzerland,2012,13.2
PRHSMFAH,Fair (not good, not bad) health,male,CHE,Switzerland,2013,13.6
PRHSMFAH,Fair (not good, not bad) health,male,CHE,Switzerland,2014,15.5
PRHSTFAH,Fair (not good, not bad) health,total,CHE,Switzerland,2010,15
PRHSTFAH,Fair (not good, not bad) health,total,CHE,Switzerland,2011,15.2
PRHSTFAH,Fair (not good, not bad) health,total,CHE,Switzerland,2012,14.9
PRHSTFAH,Fair (not good, not bad) health,total,CHE,Switzerland,2013,15.6
PRHSTFAH,Fair (not good, not bad) health,total,CHE,Switzerland,2014,16.9
PRHSFFAH,Fair (not good, not bad) health,female,CHE,Switzerland,2010,17.2
PRHSFFAH,Fair (not good, not bad) health,female,CHE,Switzerland,2011,17.5
PRHSFFAH,Fair (not good, not bad) health,female,CHE,Switzerland,2012,16.6
PRHSFFAH,Fair (not good, not bad) health,female,CHE,Switzerland,2013,17.5
PRHSFFAH,Fair (not good, not bad) health,female,CHE,Switzerland,2014,18.3
PRHSFBAH,Bad/very bad health,female,TUR,Turkey,2010,16.6
PRHSFBAH,Bad/very bad health,female,TUR,Turkey,2011,15.5
PRHSFBAH,Bad/very bad health,female,TUR,Turkey,2012,14.5
PRHSFBAH,Bad/very bad health,female,TUR,Turkey,2013,13.9
PRHSFBAH,Bad/very bad health,female,TUR,Turkey,2014,13.8
PRHSFBAH,Bad/very bad health,female,TUR,Turkey,2015,14.3
PRHSMBAH,Bad/very bad health,male,TUR,Turkey,2010,10.8
PRHSMBAH,Bad/very bad health,male,TUR,Turkey,2011,9.8
PRHSMBAH,Bad/very bad health,male,TUR,Turkey,2012,9.6
PRHSMBAH,Bad/very bad health,male,TUR,Turkey,2013,9.5
PRHSMBAH,Bad/very bad health,male,TUR,Turkey,2014,9.8
PRHSMBAH,Bad/very bad health,male,TUR,Turkey,2015,9.8
PRHSTFAH,Fair (not good, not bad) health,total,IRL,Ireland,2010,14
PRHSTFAH,Fair (not good, not bad) health,total,IRL,Ireland,2011,14
PRHSTFAH,Fair (not good, not bad) health,total,IRL,Ireland,2012,14.3
PRHSTFAH,Fair (not good, not bad) health,total,IRL,Ireland,2013,14.4
PRHSTFAH,Fair (not good, not bad) health,total,IRL,Ireland,2014,13.5
PRHSTFAH,Fair (not good, not bad) health,total,IRL,Ireland,2015,13.8
PRHSTGHE,Good/very good health,total,SWE,Sweden,2010,80
PRHSTGHE,Good/very good health,total,SWE,Sweden,2011,79.9
PRHSTGHE,Good/very good health,total,SWE,Sweden,2012,80.9
PRHSTGHE,Good/very good health,total,SWE,Sweden,2013,81.1
PRHSTGHE,Good/very good health,total,SWE,Sweden,2014,80.1
PRHSTGHE,Good/very good health,total,SWE,Sweden,2015,79.7
PRHSFGHE,Good/very good health,female,GBR,United Kingdom,2010,78.8
PRHSFGHE,Good/very good health,female,GBR,United Kingdom,2011,76.5
PRHSFGHE,Good/very good health,female,GBR,United Kingdom,2012,73.2
PRHSFGHE,Good/very good health,female,GBR,United Kingdom,2013,73.8
PRHSFGHE,Good/very good health,female,GBR,United Kingdom,2014,69.6
PRHSFGHE,Good/very good health,female,GBR,United Kingdom,2015,69.8
PRHSFBAH,Bad/very bad health,female,LVA,Latvia,2010,19.9
PRHSFBAH,Bad/very bad health,female,LVA,Latvia,2011,20.1
PRHSFBAH,Bad/very bad health,female,LVA,Latvia,2012,17.3
PRHSFBAH,Bad/very bad health,female,LVA,Latvia,2013,19.3
PRHSFBAH,Bad/very bad health,female,LVA,Latvia,2014,19.5
PRHSFBAH,Bad/very bad health,female,LVA,Latvia,2015,18.9
PRHSFFAH,Fair (not good, not bad) health,female,LTU,Lithuania,2010,32.1
PRHSFFAH,Fair (not good, not bad) health,female,LTU,Lithuania,2011,37.8
PRHSFFAH,Fair (not good, not bad) health,female,LTU,Lithuania,2012,36.2
PRHSFFAH,Fair (not good, not bad) health,female,LTU,Lithuania,2013,36.7
PRHSFFAH,Fair (not good, not bad) health,female,LTU,Lithuania,2014,39
PRHSFFAH,Fair (not good, not bad) health,female,LTU,Lithuania,2015,41.2
PRHSTBAH,Bad/very bad health,total,LTU,Lithuania,2010,18.7
PRHSTBAH,Bad/very bad health,total,LTU,Lithuania,2011,19.9
PRHSTBAH,Bad/very bad health,total,LTU,Lithuania,2012,20.6
PRHSTBAH,Bad/very bad health,total,LTU,Lithuania,2013,18.7
PRHSTBAH,Bad/very bad health,total,LTU,Lithuania,2014,17.9
PRHSTBAH,Bad/very bad health,total,LTU,Lithuania,2015,17.7
PRHSFFAH,Fair (not good, not bad) health,female,LVA,Latvia,2010,36.5
PRHSFFAH,Fair (not good, not bad) health,female,LVA,Latvia,2011,37.6
PRHSFFAH,Fair (not good, not bad) health,female,LVA,Latvia,2012,39.6
PRHSFFAH,Fair (not good, not bad) health,female,LVA,Latvia,2013,39.6
PRHSFFAH,Fair (not good, not bad) health,female,LVA,Latvia,2014,38.5
PRHSFFAH,Fair (not good, not bad) health,female,LVA,Latvia,2015,39
PRHSMFAH,Fair (not good, not bad) health,male,LVA,Latvia,2010,32.5
PRHSMFAH,Fair (not good, not bad) health,male,LVA,Latvia,2011,34.7
PRHSMFAH,Fair (not good, not bad) health,male,LVA,Latvia,2012,35.9
PRHSMFAH,Fair (not good, not bad) health,male,LVA,Latvia,2013,36.1
PRHSMFAH,Fair (not good, not bad) health,male,LVA,Latvia,2014,35.4
PRHSMFAH,Fair (not good, not bad) health,male,LVA,Latvia,2015,35.5
PRHSTFAH,Fair (not good, not bad) health,total,LVA,Latvia,2010,34.7
PRHSTFAH,Fair (not good, not bad) health,total,LVA,Latvia,2011,36.3
PRHSTFAH,Fair (not good, not bad) health,total,LVA,Latvia,2012,38
PRHSTFAH,Fair (not good, not bad) health,total,LVA,Latvia,2013,38.1
PRHSTFAH,Fair (not good, not bad) health,total,LVA,Latvia,2014,37.1
PRHSTFAH,Fair (not good, not bad) health,total,LVA,Latvia,2015,37.5
PRHSFGHE,Good/very good health,female,LTU,Lithuania,2010,47.1
PRHSFGHE,Good/very good health,female,LTU,Lithuania,2011,39.6
PRHSFGHE,Good/very good health,female,LTU,Lithuania,2012,40.4
PRHSFGHE,Good/very good health,female,LTU,Lithuania,2013,41.8
PRHSFGHE,Good/very good health,female,LTU,Lithuania,2014,40.4
PRHSFGHE,Good/very good health,female,LTU,Lithuania,2015,38.4
PRHSMGHE,Good/very good health,male,LTU,Lithuania,2010,54.7
PRHSMGHE,Good/very good health,male,LTU,Lithuania,2011,49.7
PRHSMGHE,Good/very good health,male,LTU,Lithuania,2012,50
PRHSMGHE,Good/very good health,male,LTU,Lithuania,2013,52.4
PRHSMGHE,Good/very good health,male,LTU,Lithuania,2014,51.2
PRHSMGHE,Good/very good health,male,LTU,Lithuania,2015,49.2
PRHSTGHE,Good/very good health,total,LTU,Lithuania,2010,50.2
PRHSTGHE,Good/very good health,total,LTU,Lithuania,2011,43.9
PRHSTGHE,Good/very good health,total,LTU,Lithuania,2012,44.3
PRHSTGHE,Good/very good health,total,LTU,Lithuania,2013,46.1
PRHSTGHE,Good/very good health,total,LTU,Lithuania,2014,44.9
PRHSTGHE,Good/very good health,total,LTU,Lithuania,2015,42.6
PRHSMBAH,Bad/very bad health,male,LVA,Latvia,2010,14.5
PRHSMBAH,Bad/very bad health,male,LVA,Latvia,2011,14.6
PRHSMBAH,Bad/very bad health,male,LVA,Latvia,2012,12.8
PRHSMBAH,Bad/very bad health,male,LVA,Latvia,2013,13.6
PRHSMBAH,Bad/very bad health,male,LVA,Latvia,2014,14.1
PRHSMBAH,Bad/very bad health,male,LVA,Latvia,2015,13.1
PRHSTBAH,Bad/very bad health,total,LVA,Latvia,2010,17.5
PRHSTBAH,Bad/very bad health,total,LVA,Latvia,2011,17.7
PRHSTBAH,Bad/very bad health,total,LVA,Latvia,2012,15.4
PRHSTBAH,Bad/very bad health,total,LVA,Latvia,2013,16.8
PRHSTBAH,Bad/very bad health,total,LVA,Latvia,2014,17.1
PRHSTBAH,Bad/very bad health,total,LVA,Latvia,2015,16.3
PRHSMFAH,Fair (not good, not bad) health,male,LTU,Lithuania,2010,29.8
PRHSMFAH,Fair (not good, not bad) health,male,LTU,Lithuania,2011,34
PRHSMFAH,Fair (not good, not bad) health,male,LTU,Lithuania,2012,33.5
PRHSMFAH,Fair (not good, not bad) health,male,LTU,Lithuania,2013,32.9
PRHSMFAH,Fair (not good, not bad) health,male,LTU,Lithuania,2014,34.6
PRHSMFAH,Fair (not good, not bad) health,male,LTU,Lithuania,2015,37.3
PRHSTFAH,Fair (not good, not bad) health,total,LTU,Lithuania,2010,31.1
PRHSTFAH,Fair (not good, not bad) health,total,LTU,Lithuania,2011,36.2
PRHSTFAH,Fair (not good, not bad) health,total,LTU,Lithuania,2012,35.1
PRHSTFAH,Fair (not good, not bad) health,total,LTU,Lithuania,2013,35.2
PRHSTFAH,Fair (not good, not bad) health,total,LTU,Lithuania,2014,37.2
PRHSTFAH,Fair (not good, not bad) health,total,LTU,Lithuania,2015,39.7
PRHSFGHE,Good/very good health,female,LVA,Latvia,2010,43.6
PRHSFGHE,Good/very good health,female,LVA,Latvia,2011,42.3
PRHSFGHE,Good/very good health,female,LVA,Latvia,2012,43
PRHSFGHE,Good/very good health,female,LVA,Latvia,2013,41.2
PRHSFGHE,Good/very good health,female,LVA,Latvia,2014,42
PRHSFGHE,Good/very good health,female,LVA,Latvia,2015,42.1
PRHSMGHE,Good/very good health,male,LVA,Latvia,2010,53
PRHSMGHE,Good/very good health,male,LVA,Latvia,2011,50.7
PRHSMGHE,Good/very good health,male,LVA,Latvia,2012,51.2
PRHSMGHE,Good/very good health,male,LVA,Latvia,2013,50.3
PRHSMGHE,Good/very good health,male,LVA,Latvia,2014,50.5
PRHSMGHE,Good/very good health,male,LVA,Latvia,2015,51.3
PRHSTGHE,Good/very good health,total,LVA,Latvia,2010,47.8
PRHSTGHE,Good/very good health,total,LVA,Latvia,2011,46
PRHSTGHE,Good/very good health,total,LVA,Latvia,2012,46.7
PRHSTGHE,Good/very good health,total,LVA,Latvia,2013,45.2
PRHSTGHE,Good/very good health,total,LVA,Latvia,2014,45.8
PRHSTGHE,Good/very good health,total,LVA,Latvia,2015,46.2
PRHSFBAH,Bad/very bad health,female,LTU,Lithuania,2010,20.9
PRHSFBAH,Bad/very bad health,female,LTU,Lithuania,2011,22.6
PRHSFBAH,Bad/very bad health,female,LTU,Lithuania,2012,23.4
PRHSFBAH,Bad/very bad health,female,LTU,Lithuania,2013,21.5
PRHSFBAH,Bad/very bad health,female,LTU,Lithuania,2014,20.6
PRHSFBAH,Bad/very bad health,female,LTU,Lithuania,2015,20.5
PRHSMBAH,Bad/very bad health,male,LTU,Lithuania,2010,15.5
PRHSMBAH,Bad/very bad health,male,LTU,Lithuania,2011,16.2
PRHSMBAH,Bad/very bad health,male,LTU,Lithuania,2012,16.5
PRHSMBAH,Bad/very bad health,male,LTU,Lithuania,2013,14.7
PRHSMBAH,Bad/very bad health,male,LTU,Lithuania,2014,14.2
PRHSMBAH,Bad/very bad health,male,LTU,Lithuania,2015,13.5
